imdb_id,average_rating,num_votes
tt0114709,5.7,270
tt0113497,6.5,1938
tt0114885,5.5,178
tt0113277,6.2,2716
tt0114576,5,183
tt0113189,5.4,843
tt0112346,5.4,2164
tt0113987,5.3,208
tt0112760,6.9,7398
tt0112641,5.2,380
tt0114388,7.4,12647
tt0113101,5.7,1925
tt0112281,7.1,5718
tt0113845,6.1,1136
tt0113161,5.9,1550
tt0112401,4.6,338
tt0113627,5.2,617
tt0114011,5.1,32
tt0112682,4.8,369
tt0114746,5.1,1120
tt0112431,5.7,1471
tt0112818,4.2,122
tt0113855,3.9,43
tt0114681,5.6,1578
tt0113347,5.6,1186
tt0114369,5.1,1114
tt0114148,5.9,3455
tt0114814,5.2,875
tt0113819,5.5,1033
tt0113118,5,429
tt0116367,5.5,1058
tt0113010,4.9,225
tt0115676,5.6,84
tt0114367,4.4,615
tt0114660,4.5,73
tt0118158,4.2,210
tt0113972,3.7,33
tt0117002,4.1,71
tt0114825,6.7,1953
tt0115759,4.2,39
tt0115734,3.4,33
tt0116483,4,49
tt0112579,4,34
tt0112573,4.1,36
tt0075314,3.5,36
tt0113326,4.7,208
tt0114536,4.9,51
tt0103859,4.1,35
tt0116324,3.6,36
tt0113451,4.2,112
tt0115685,3.3,19
tt0112442,4.9,35
tt0112427,3.6,31
tt0112384,3,23
tt0114287,4.5,35
tt0112462,4.2,34
tt0112541,3.3,28
tt0109370,7.4,89
tt0112642,4.3,31
tt0112688,6.2,205
tt0112715,3.3,29
tt0112740,3,30
tt0112851,3.2,30
tt0112857,3.2,30
tt0112864,5.5,75
tt0113071,3.8,32
tt0113243,4.9,495
tt0113481,6.4,2726
tt0113492,3.3,30
tt0113540,3.5,28
tt0113677,3.5,31
tt0113749,4.6,32
tt0113820,6.3,2007
tt0110604,4.5,545
tt0113957,4.5,36
tt0114095,3.7,92
tt0114194,4.3,36
tt0114345,4,32
tt0114436,4.1,33
tt0114478,4.8,50
tt0114508,4.6,33
tt0114558,4.3,31
tt0114666,4.7,34
tt0114781,4.1,34
tt0114887,4.7,38
tt0114898,4.2,33
tt0111579,6.2,1028
tt0112471,3.9,32
tt0112508,6.7,3881
tt0112571,4.5,30
tt0109445,4.7,95
tt0112883,4.4,41
tt0109635,4.8,35
tt0109686,4.1,31
tt0109707,4.9,34
tt0113303,5.2,37
tt0110057,4.6,33
tt0110005,4.9,57
tt0110066,4.5,29
tt0110148,4.7,27
tt0113463,5.4,28
tt0110216,5.6,477
tt0076759,5,30
tt0103994,4.4,24
tt0110322,5.2,29
tt0113691,4.4,555
tt0109836,4.5,535
tt0113808,4.4,541
tt0110638,4.4,557
tt0110632,4.5,534
tt0114069,4.3,562
tt0110413,5.1,31
tt0114113,4.9,35
tt0110912,5.2,28
tt0105652,5.1,173
tt0114214,5,37
tt0114296,5.1,62
tt0110907,5.1,56
tt0111333,4.2,102
tt0111255,5.1,32
tt0111282,5.6,167
tt0111070,5.2,31
tt0111161,4.6,16
tt0114614,5.8,32
tt0111280,4.4,27
tt0114609,5.5,40
tt0108550,6.6,52
tt0114857,5.1,29
tt0114924,5.7,1481
tt0110598,5.1,1107
tt0109040,6.2,36
tt0104779,4.8,21
tt0109444,6.4,85
tt0109446,4.9,34
tt0109506,6.4,1190
tt0109813,5.2,26
tt0109830,4.9,316
tt0109831,5.2,115
tt0110093,4.6,30
tt0110357,5,275
tt0107426,5.2,336
tt0111686,3.5,14
tt0110475,5,27
tt0110622,5.3,494
tt0110950,3.3,16
tt0105226,4.6,22
tt0111257,5.4,180
tt0111438,4.8,65
tt0111503,6.2,275
tt0111756,5.7,497
tt0110399,3.9,14
tt0110186,5.1,29
tt0111301,3.9,24
tt0110027,3.9,16
tt0113409,3.1,16
tt0106226,5.1,143
tt0109067,5.2,28
tt0109254,3.6,15
tt0106452,5.4,487
tt0106489,5,14
tt0106505,5,311
tt0106519,4.6,136
tt0106582,3.6,19
tt0109456,4,153
tt0106677,2.9,18
tt0106697,3.6,53
tt0106941,5.2,271
tt0106918,4.2,16
tt0106965,6.1,1013
tt0106977,4.6,45
tt0107004,4.6,134
tt0107076,5,230
tt0107144,4.7,14
tt0107206,4.6,248
tt0107207,5.2,221
tt0107290,4.6,44
tt0107302,6.6,61
tt0110265,4.9,566
tt0107362,5.9,36
tt0107507,4.8,336
tt0107554,4.5,23
tt0116253,4.8,57
tt0107614,3.6,12
tt0110657,4.8,149
tt0110678,4.5,190
tt0107808,5.4,84
tt0107818,4.7,30
tt0107822,4.2,20
tt0107840,4.3,20
tt0110955,4,14
tt0107943,5.6,14
tt0110971,4.8,33
tt0107978,5.1,14
tt0107977,5.4,13
tt0107983,5.7,583
tt0108000,4.9,30
tt0108002,5,34
tt0108052,7.4,4603
tt0111127,4.7,260
tt0111143,4.2,104
tt0108160,4.1,132
tt0108162,5.9,691
tt0083658,6.6,31
tt0108174,4.6,251
tt0108255,5.4,19
tt0111323,4.9,37
tt0111400,4.9,298
tt0107688,4.5,115
tt0108333,6.5,1766
tt0108358,2.9,20
tt0108399,6.3,74
tt0110763,6.3,934
tt0099785,5.5,270
tt0099653,4.5,94
tt0103639,6.4,1298
tt0103064,6.3,51
tt0099348,6.4,1076
tt0096895,5,511
tt0102926,6.1,1666
tt0029583,5.3,154
tt0101414,4.2,27
tt0032910,4.8,180
tt0100405,5.4,74
tt0065214,5.7,472
tt0116282,4.3,149
tt0116514,4.8,139
tt0065421,6.3,13
tt0117381,5.6,883
tt0116414,5.5,667
tt0115956,5.6,278
tt0117060,6.8,33
tt0116136,6.2,70
tt0116683,6,23
tt0116269,4.1,26
tt0117705,4.4,26
tt0062711,4.5,24
tt0117104,5.8,19
tt0117420,5.3,249
tt0095776,5.3,28
tt0116322,5.7,282
tt0113362,4.9,168
tt0115963,5.2,211
tt0117260,5.1,107
tt0117500,5.8,255
tt0117998,5.6,292
tt0115571,6.9,1380
tt0057012,4.4,443
tt0117331,5.2,260
tt0117765,6,1329
tt0116669,5.3,250
tt0117951,5,96
tt0116629,5.3,125
tt0116277,6.1,953
tt0116583,7.2,35
tt0115798,5.8,828
tt0116778,5.8,254
tt0116213,4.8,235
tt0117218,5.5,16
tt0116040,5.9,55
tt0116365,4.9,379
tt0116905,4.9,326
tt0117333,4.9,385
tt0117628,4.7,237
tt0117913,4.4,120
tt0116320,5.5,142
tt0116707,5.7,765
tt0116313,5.4,62
tt0117438,5.1,377
tt0115857,6.2,771
tt0117008,5.8,491
tt0116191,6.1,761
tt0115986,7.1,3117
tt0117826,7.4,27
tt0117718,6.2,187
tt0116225,5.6,175
tt0115632,6.6,23
tt0117918,5.6,581
tt0104109,6.4,107
tt0068646,5.9,22
tt0104558,6.1,138
tt0116985,4.1,14
tt0115736,6.8,28
tt0120004,3.7,27
tt0116654,5.8,322
tt0115783,5.1,414
tt0113253,5.2,139
tt0045152,6.1,786
tt0043278,5.8,18
tt0054698,6.8,11
tt0052357,5.7,46
tt0047396,3.8,42
tt0025316,5.1,263
tt0053125,6.7,1077
tt0053604,4.4,28
tt0053291,5.5,488
tt0056923,5.4,786
tt0034583,5.4,188
tt0033870,8.2,54729
tt0058385,6.2,2825
tt0047437,5,10
tt0046250,5.5,251
tt0032138,4.9,26
tt0031381,4,22
tt0043014,5.9,721
tt0033467,5.7,248
tt0062622,6.1,547
tt0042192,5.1,295
tt0032143,7.3,20676
tt0032976,5.4,243
tt0038787,4.7,101
tt0038109,4.8,25
tt0048728,6.4,2643
tt0031725,6.5,1009
tt0029843,4.6,117
tt0037008,6.8,1914
tt0027125,4,63
tt0049261,4.4,78
tt0048028,4.8,471
tt0025878,7.3,1763
tt0048960,5.8,1125
tt0038650,5.2,524
tt0031679,6.3,23
tt0063350,5.2,407
tt0043265,5.1,213
tt0051459,6.8,545
tt0022879,6.9,850
tt0117011,3.8,69
tt0117039,4.8,138
tt0116830,6,120
tt0117603,5.8,71
tt0115994,5.2,91
tt0116259,6.6,1293
tt0115862,7.5,3903
tt0046672,4.6,52
tt0106611,4.1,15
tt0042332,6.3,30
tt0057546,3.4,62
tt0102798,5.6,51
tt0058331,6.4,46
tt0033563,4.5,72
tt0066817,4.8,104
tt0043274,6.6,1102
tt0082406,5.7,406
tt0059742,6.3,64
tt0095016,5.5,331
tt0104692,5.8,795
tt0117589,5.4,53
tt0117791,4.1,70
tt0116908,6.2,17
tt0116409,6.7,41
tt0116404,6.6,1255
tt0120107,4.9,66
tt0116722,4.4,95
tt0117509,4.8,17
tt0117802,6.7,1958
tt0117665,3.6,13
tt0067992,5.6,67
tt0070707,6.5,506
tt0066808,6.3,1424
tt0095159,5.1,19
tt0079470,4.6,140
tt0059243,5,61
tt0061418,6.2,651
tt0046912,6.8,1329
tt0092890,3.9,55
tt0105236,6.8,71
tt0091763,6,864
tt0098627,5.7,544
tt0103772,6.1,244
tt0101761,7.4,28
tt0104036,4.7,740
tt0104348,5.2,52
tt0084707,5,84
tt0083866,5.4,8
tt0099371,5,22
tt0092099,5.6,14
tt0044081,5.4,13
tt0116378,4.9,22
tt0117318,5,75
tt0072081,5.1,36
tt0101775,3.8,14
tt0096754,5.8,12
tt0080749,4.3,246
tt0082340,5.5,20
tt0082533,4.8,21
tt0071853,4.9,21
tt0115610,4.3,13
tt0101700,6.5,1187
tt0116209,4.4,26
tt0097937,4.6,39
tt0105488,8.9,14
tt0102370,6.5,613
tt0100332,5.7,62
tt0073486,5.7,902
tt0080684,5.6,85
tt0093779,2.9,27
tt0082971,5,57
tt0090605,3.5,26
tt0060196,5.5,768
tt0050083,4.9,86
tt0056172,5,98
tt0066921,4.4,146
tt0056592,4.7,176
tt0078788,5.2,67
tt0064116,5.1,63
tt0086190,5,184
tt0093191,4.6,169
tt0099685,7.6,21
tt0078748,4.9,73
tt0089881,4.5,224
tt0054215,4.9,115
tt0080455,6.4,284
tt0071562,4.7,83
tt0093058,5.4,63
tt0086879,7.2,19
tt0081398,4.1,66
tt0075686,5.1,62
tt0086197,5.3,64
tt0082096,5.4,32
tt0070735,6.6,54
tt0088247,4.9,163
tt0103873,5.7,15
tt0097441,5.9,45
tt0100150,5.6,15
tt0097165,4.6,51
tt0061722,4.2,20
tt0052311,3.6,17
tt0050212,5,70
tt0071315,5.2,49
tt0040897,5.3,41
tt0081505,6.9,2765
tt0092005,5.4,86
tt0092991,5.1,129
tt0057115,5.5,48
tt0077416,6.2,57
tt0107048,6.1,43
tt0105695,4.8,51
tt0056218,5.6,53
tt0088763,4,31
tt0101921,4.7,26
tt0066206,5.5,27
tt0094625,5.1,78
tt0091203,5.1,58
tt0061512,4.6,31
tt0072431,4.7,27
tt0102536,4.2,41
tt0032553,5.5,68
tt0032455,5,23
tt0044706,5.9,21
tt0052618,6,18
tt0088258,4.7,12
tt0097576,5.3,42
tt0083987,4.8,17
tt0096332,5.5,20
tt0091867,5.9,131
tt0084503,5.8,70
tt0087553,4.5,24
tt0049223,5.9,31
tt0064115,4,15
tt0087884,4.8,35
tt0098635,7.8,20
tt0103644,6.2,16
tt0082010,5,19
tt0056869,4.7,25
tt0103874,6.2,15
tt0103919,7.1,20
tt0101540,5.1,31
tt0074285,5.4,27
tt0087800,5.8,842
tt0075005,5.1,138
tt0117731,7.2,67
tt0117666,5.7,219
tt0116705,5.3,140
tt0117372,6.1,30
tt0117477,7.6,12
tt0115433,5.1,35
tt0099423,5.6,140
tt0079945,6,20
tt0102975,5.3,166
tt0098382,5.3,165
tt0084726,5.6,23
tt0088170,5.8,20
tt0092007,7.5,11
tt0103776,5.6,131
tt0096487,6,16
tt0077631,5,18
tt0084021,6.3,19
tt0100114,8.4,20
tt0105690,4.1,26
tt0073195,5.2,66
tt0077766,4.9,21
tt0085750,5,68
tt0116996,6.1,417
tt0115906,4.5,70
tt0116695,4.1,20
tt0093822,5.4,177
tt0116999,4.5,16
tt0117571,5.1,118
tt0104691,4.9,74
tt0116250,6.5,11
tt0120390,4.4,62
tt0119664,6.1,63
tt0118928,4.4,66
tt0119937,4.5,133
tt0118548,4.3,21
tt0120434,5.1,67
tt0116922,4.6,128
tt0120036,4.2,54
tt0119008,4.1,56
tt0116743,3.9,55
tt0119951,5.2,99
tt0120053,5.2,114
tt0119528,4.1,59
tt0120094,5.2,139
tt0118972,6.6,2690
tt0118829,6.4,741
tt0120389,4.8,160
tt0118623,4.7,54
tt0118615,5.1,43
tt0118655,5.6,353
tt0118771,5.2,82
tt0119116,5.2,41
tt0119578,6.6,22
tt0119567,4.5,43
tt0118880,5.6,16
tt0120179,5.4,23
tt0117724,4.9,46
tt0118688,5.6,264
tt0119282,5.2,41
tt0119738,5.9,544
tt0057345,5.2,51
tt0119094,4.6,38
tt0119654,4.6,38
tt0120133,4.5,81
tt0118884,4.9,60
tt0119173,4.4,17
tt0082198,5.6,60
tt0118887,5.7,9
tt0119081,5.2,59
tt0120177,5.7,120
tt0118570,5.8,12
tt0119896,4.7,52
tt0118883,4.3,38
tt0120207,4.7,108
tt0119675,5,182
tt0118571,5.7,87
tt0118531,5.7,225
tt0099810,3.5,12
tt0119488,4.7,40
tt0120102,4.9,51
tt0119468,6.9,33
tt0120524,5.5,61
tt0119174,5.6,84
tt0119123,6.2,44
tt0120399,5.5,211
tt0119349,3.2,24
tt0118842,5.3,66
tt0119164,5.2,27
tt0119345,3.6,24
tt0118971,4.5,25
tt0119906,4.5,17
tt0119324,5.4,22
tt0119177,5.2,119
tt0119210,4.8,24
tt0083131,6,31
tt0118689,4.8,27
tt0119592,2.6,26
tt0119832,4.3,71
tt0119978,6,66
tt0118749,3.2,24
tt0090329,4.2,24
tt0120201,5,26
tt0107282,5.4,115
tt0120148,6.1,191
tt0119707,5.3,98
tt0120382,5.3,46
tt0119395,4.6,12
tt0118617,3.2,10
tt0120483,4.6,52
tt0118583,3.8,20
tt0118607,6.1,113
tt0118954,6.2,125
tt0119137,4.6,192
tt0119142,4.9,20
tt0119217,4.5,27
tt0119303,6.1,1066
tt0119668,3.8,11
tt0119715,4.7,80
tt0120082,4.6,82
tt0120255,4.6,17
tt0120338,5,17
tt0120347,5.6,16
tt0119925,6.1,50
tt0119314,5.3,17
tt0119396,4.7,298
tt0119485,8.1,22
tt0118715,4.4,15
tt0119223,4.5,17
tt0120885,5.6,358
tt0118929,4.4,18
tt0120696,6.6,26
tt0120693,5.8,83
tt0120122,6.3,182
tt0120185,5.8,98
tt0118956,5.2,61
tt0120008,5.1,22
tt0119784,3.9,20
tt0118747,4.9,30
tt0120888,5.7,61
tt0120184,4.4,16
tt0119822,5.1,120
tt0099939,7.8,10
tt0120873,4.7,25
tt0120769,4.8,51
tt0120890,5.9,84
tt0124179,4.4,15
tt0120772,6.6,18
tt0120645,6.2,16
tt0120738,5.5,19
tt0120176,5.4,57
tt0120632,5.2,143
tt0124718,4.8,102
tt0120906,4.9,21
tt0118577,5.2,29
tt0117786,6.5,1000
tt0120841,4.2,15
tt0120609,4.4,17
tt0120647,5.8,410
tt0120531,4.8,119
tt0120800,4.7,26
tt0120685,5.1,151
tt0118798,4.2,14
tt0120669,7,18
tt0120777,5.3,17
tt0120787,4,20
tt0120828,5.1,54
tt0127723,6,943
tt0118849,4.4,21
tt0120762,5.2,40
tt0120902,2.6,12
tt0118998,3.4,18
tt0120780,3.7,22
tt0118789,5,43
tt0120591,5.4,117
tt0122151,5.6,15
tt0122718,4.2,18
tt0138704,4.9,86
tt0129387,4.8,17
tt0019729,5.4,16
tt0022958,5.6,36
tt0023876,5,25
tt0026752,6.6,65
tt0030993,6.2,1265
tt0033729,5.2,17
tt0035093,4.8,45
tt0037884,4.2,17
tt0036868,4.8,21
tt0039416,5.8,50
tt0044672,6,15
tt0045793,5.6,394
tt0047296,5.6,21
tt0048356,4.4,17
tt0055614,5.2,26
tt0057590,5,15
tt0060665,5.3,55
tt0061811,3.8,17
tt0063385,4.9,147
tt0064665,5.2,180
tt0067116,4.8,17
tt0075148,5.7,17
tt0079417,5,78
tt0082158,8.2,38
tt0089755,6.5,16
tt0093389,5.3,214
tt0095953,5.7,55
tt0097239,3.8,17
tt0087995,2.4,17
tt0091369,5.9,20
tt0088847,5,17
tt0089686,4.7,39
tt0093629,5.4,67
tt0095742,4.8,59
tt0097981,6.4,1009
tt0101917,5.9,157
tt0080761,6,106
tt0082418,4.5,17
tt0083972,3.8,45
tt0087298,5.1,17
tt0089173,4.3,20
tt0091080,4.6,20
tt0095179,5.4,15
tt0097388,5.5,212
tt0077651,5.6,249
tt0082495,4.4,58
tt0085636,4.9,20
tt0095271,4.8,69
tt0097474,4.4,60
tt0081383,5.5,40
tt0094862,5,14
tt0099253,4.5,53
tt0103956,4.5,53
tt0084516,5.8,10
tt0091778,5.2,126
tt0095889,4,61
tt0070047,5.5,82
tt0076009,3.7,56
tt0093409,4,56
tt0097733,5.6,31
tt0104714,4.2,58
tt0087363,4.4,41
tt0099700,5.3,44
tt0089218,4.2,40
tt0120746,3.8,21
tt0017136,7,20
tt0096874,5.2,73
tt0099088,4.4,41
tt0069113,6.6,14
tt0034492,4.4,16
tt0047478,4.1,9
tt0094947,4.5,45
tt0087182,4.6,40
tt0095497,6,44
tt0099674,5.5,149
tt0102757,5.5,47
tt0119558,6.6,9
tt0134619,4.6,40
tt0120741,5.6,113
tt0120815,5.2,125
tt0088814,6.4,4646
tt0078869,5.8,269
tt0097053,5,31
tt0091149,5.4,44
tt0107120,5.3,61
tt0104437,5,43
tt0097523,4.7,81
tt0120768,3.8,22
tt0098213,4.5,16
tt0089853,5.1,18
tt0059113,5.5,79
tt0096734,5.6,24
tt0090756,4.4,24
tt0061852,5.9,570
tt0097757,5.8,166
tt0104868,4.8,32
tt0055254,7,82
tt0046183,6.3,555
tt0100477,4.4,25
tt0076618,4.9,36
tt0089908,6.6,37
tt0102803,5.7,25
tt0053285,4.9,50
tt0086336,5.4,59
tt0088161,5,67
tt0084827,7.2,16
tt0120694,3.8,17
tt0099697,6,18
tt0086066,4.8,12
tt0087469,5.5,17
tt0077869,5.5,32
tt0085407,5.2,16
tt0091499,5.8,164
tt0085382,5.9,26
tt0087050,5.3,62
tt0096787,5.5,65
tt0101272,5.5,44
tt0120631,5.5,37
tt0120832,5.7,62
tt0128214,6.2,19
tt0080388,5.6,62
tt0061184,5.2,19
tt0061584,5.1,104
tt0078480,4,12
tt0084649,6,68
tt0083791,5,13
tt0090633,4.2,28
tt0089469,6.2,13
tt0088128,5.3,25
tt0080801,5.9,434
tt0118661,4.9,28
tt0120703,6,224
tt0063522,4.6,13
tt0088323,3.6,11
tt0100240,5.7,42
tt0119517,5.3,83
tt0120611,4.3,20
tt0094721,5.3,35
tt0040746,5.7,96
tt0074512,3,19
tt0068611,6.4,17
tt0065112,6,33
tt0061107,6,21
tt0058329,4.6,22
tt0051207,6.2,70
tt0049470,4.2,13
tt0048750,5.3,60
tt0044079,6.3,852
tt0120577,5.8,36
tt0119346,5.8,278
tt0096446,4.7,22
tt0094226,5.8,17
tt0034248,3.2,33
tt0128442,5.3,18
tt0123755,5.5,222
tt0124879,5.6,41
tt0119934,8.5,18
tt0092699,5.9,217
tt0096463,5.5,63
tt0095593,2.9,18
tt0084472,6.1,36
tt0102558,5.7,1621
tt0104257,5.6,150
tt0107211,7.4,23
tt0120812,5.6,41
tt0118736,4.9,77
tt0122690,6.3,539
tt0146336,4.9,26
tt0100594,4.1,68
tt0084787,7.2,10
tt0105151,7.8,14
tt0081554,5.7,370
tt0099487,5,8
tt0120587,4.8,51
tt0120770,5.3,69
tt0120889,5.5,44
tt0124102,5.6,23
tt0082517,5,41
tt0104952,4.4,8
tt0086837,7.7,3153
tt0080678,4,22
tt0144120,5.4,18
tt0120791,4.6,15
tt0147612,5.2,14
tt0120157,4,35
tt0118799,6,809
tt0100740,6,148
tt0120586,5.5,54
tt0120722,5.2,99
tt0120684,4.8,39
tt0133952,4.8,115
tt0120484,4.5,26
tt0127536,5.9,44
tt0130018,4.1,31
tt0119643,4.4,29
tt0089941,4.4,31
tt0091954,4.4,32
tt0120660,5.3,18
tt0134067,5.1,21
tt0120623,3.4,20
tt0140888,4.1,27
tt0069089,5.4,216
tt0087344,5.6,8
tt0024216,6,27
tt0074751,6.3,401
tt0091344,6.4,362
tt0089017,5.8,48
tt0089155,5.3,79
tt0097366,5.3,164
tt0089893,6.4,40
tt0091541,4.9,39
tt0090264,6.1,21
tt0087928,5.1,49
tt0120595,6.2,38
tt0119304,6.4,47
tt0165494,5,42
tt0124198,4.2,8
tt0155975,5.3,43
tt0120844,4,18
tt0120794,5.9,16
tt0128445,6.6,18
tt0138097,5.6,220
tt0089961,4.2,36
tt0089880,5.1,38
tt0083944,5.1,644
tt0095956,4.8,306
tt0089370,5.4,14
tt0088011,6.9,24
tt0094890,4.8,62
tt0079817,4.2,12
tt0084602,4.5,81
tt0089927,4.3,18
tt0100507,5.5,43
tt0088930,4.6,8
tt0087538,3.9,10
tt0091326,3.4,24
tt0097958,4.2,12
tt0128853,5.8,285
tt0120863,6.7,16
tt0133751,7,18
tt0129290,5.2,23
tt0120633,7.1,1817
tt0120857,6.5,61
tt0118564,6.5,1307
tt0145734,4.5,24
tt0120458,5.7,15
tt0091225,5.3,26
tt0051622,5.3,19
tt0091064,5.4,6
tt0090660,4.7,76
tt0072271,5.3,86
tt0092076,5.5,169
tt0110978,5.6,22
tt0091605,6.4,241
tt0091738,5.1,19
tt0090555,7,16
tt0090863,8,14
tt0091187,6.3,294
tt0160862,6,52
tt0163984,5.3,12
tt0054167,4.9,14
tt0120784,3,12
tt0145893,5.5,14
tt0124298,6.6,27
tt0139462,5.1,90
tt0120764,5.9,64
tt0155776,4.8,43
tt0151804,5.1,11
tt0137338,4.4,42
tt0134273,4.1,12
tt0098084,4.6,55
tt0105128,5.6,222
tt0106557,5.3,48
tt0065377,5.8,85
tt0071110,5.1,9
tt0075648,4.8,61
tt0072308,7.4,58
tt0074812,7.7,13
tt0063442,5.3,78
tt0065462,4.6,12
tt0069768,4,15
tt0068408,5.8,257
tt0067065,5,84
tt0071455,5.3,75
tt0078740,3.6,25
tt0122933,5.4,241
tt0142192,5.5,137
tt0139134,5.3,15
tt0120735,7.2,36
tt0120646,5.4,12
tt0144814,5,52
tt0094964,5,12
tt0118665,4.5,55
tt0141098,5.1,95
tt0160429,5.5,29
tt0049408,6.1,17
tt0120757,5.1,59
tt0133093,5.6,168
tt0147800,5.9,94
tt0129280,5.9,12
tt0154506,5.4,14
tt0139239,6.1,290
tt0151738,5.7,51
tt0105399,6.1,25
tt0126250,5,15
tt0123964,4.1,22
tt0125659,4.6,41
tt0120836,5.7,16
tt0120907,4.6,153
tt0137494,6,13
tt0138510,4.5,16
tt0037913,6,71
tt0087799,4.5,26
tt0099422,5.3,42
tt0120616,5.4,69
tt0118826,4.4,67
tt0138414,4.3,92
tt0120915,3.7,9
tt0078346,5.8,226
tt0081573,6.6,225
tt0086393,4.9,89
tt0094074,6.2,65
tt0021814,3.7,101
tt0021884,4.9,53
tt0073629,5.2,49
tt0084156,4.2,18
tt0046534,5,67
tt0125439,6,418
tt0139809,6.1,311
tt0164085,4.6,40
tt0145660,4.9,38
tt0120802,4.1,17
tt0120855,3.9,38
tt0144214,5.9,154
tt0122541,5.1,612
tt0130827,4.7,24
tt0142342,6.9,1158
tt0119038,4.6,18
tt0099052,4.9,49
tt0120891,6.2,326
tt0163651,5.1,388
tt0158811,5.9,90
tt0185937,7,3339
tt0120663,5.7,22
tt0139414,5.7,220
tt0161100,5.6,104
tt0087332,5.7,20
tt0097428,6,754
tt0157503,5.1,17
tt0171363,8.9,13
tt0162710,5,32
tt0149261,5.9,79
tt0132347,4.5,42
tt0163187,6.2,140
tt0054331,4.6,83
tt0056193,4.6,22
tt0072684,4.8,36
tt0096378,5.9,325
tt0091129,5.9,78
tt0088939,3.6,41
tt0091613,6.1,237
tt0091530,6.4,141
tt0091419,6.2,420
tt0144168,4.6,20
tt0129167,5.5,307
tt0167404,6.3,28
tt0155267,5.8,627
tt0120620,6.1,98
tt0165710,4.8,16
tt0113965,5,63
tt0057449,5.5,21
tt0055304,6.8,1279
tt0077394,5.2,44
tt0080339,6,43
tt0118604,5.3,47
tt0085995,3.8,46
tt0094737,6.7,501
tt0107798,5.1,164
tt0133046,5.7,72
tt0176269,6.4,106
tt0160401,5.3,65
tt0120657,4.6,146
tt0138304,8.5,27
tt0163579,4.5,14
tt0125971,4.5,54
tt0145531,5,16
tt0164181,6.3,1325
tt0088146,5.8,34
tt0169547,5.4,13
tt0088178,6.2,14
tt0181316,4.6,15
tt0080491,5,38
tt0058182,6.4,40
tt0077280,5.1,41
tt0089175,5,51
tt0068473,6.2,329
tt0082348,5.8,55
tt0111419,4.4,15
tt0073812,5.3,67
tt0150377,4.1,18
tt0160338,7.4,14
tt0164114,6,19
tt0134618,5.7,62
tt0120188,5.6,204
tt0162360,7.6,29
tt0106664,8.6,22
tt0095652,5.7,47
tt0079714,3.6,17
tt0086154,5.3,7
tt0156934,5,36
tt0171804,5.4,16
tt0165854,5.2,39
tt0086200,5.7,58
tt0100802,5.7,109
tt0091042,5.2,22
tt0086617,6.5,347
tt0068699,6.1,193
tt0061747,5.8,71
tt0082979,6.1,246
tt0046126,6.1,64
tt0052225,5.6,16
tt0085549,6.1,23
tt0061578,6.2,19
tt0058150,5.7,12
tt0057076,5.5,27
tt0055928,6.6,2443
tt0080453,6.2,69
tt0058461,6.2,11
tt0119256,5.9,158
tt0104431,4.4,53
tt0094008,6.3,919
tt0017423,6,14
tt0133117,4.8,14
tt0137523,5.1,54
tt0160916,4.2,24
tt0081633,5.7,261
tt0097123,7.7,8
tt0168501,5,41
tt0093870,4.6,26
tt0100502,6.2,328
tt0096438,6.1,20
tt0082398,5.9,633
tt0097742,6.1,122
tt0070328,6.6,987
tt0059800,6.2,178
tt0185371,5,14
tt0166943,9,13
tt0120601,8.5,13
tt0144178,4,30
tt0119698,5.4,34
tt0120596,4.2,18
tt0145681,6.1,430
tt0140352,6.4,67
tt0083767,8.5,22
tt0092796,6.4,268
tt0089885,5.7,313
tt0097240,5.2,70
tt0106856,6.5,94
tt0018183,6.4,11
tt0082817,6.9,118
tt0094012,6.7,13
tt0070608,5.6,74
tt0082484,5.7,56
tt0065988,5.8,126
tt0086465,6,23
tt0083254,4.2,45
tt0149691,4.9,64
tt0120655,5.1,20
tt0151137,5.4,39
tt0190641,6.2,415
tt0056197,4.9,18
tt0066473,5.2,21
tt0095675,5.1,42
tt0084855,5.6,106
tt0162661,5,64
tt0143145,4.6,16
tt0185125,6.2,16
tt0040522,5.9,91
tt0093509,5,80
tt0087781,4.7,50
tt0093010,5.4,54
tt0100680,7.1,19
tt0095631,7,9
tt0101393,5.7,26
tt0101889,5.8,238
tt0088007,7.4,15
tt0146675,7,27
tt0120363,5.8,15
tt0134154,5.3,51
tt0161023,6.5,950
tt0172396,4.4,49
tt0099165,5.7,23
tt0100828,5.1,26
tt0205000,5.3,256
tt0120689,6.1,33
tt0124315,4.8,59
tt0067328,9.1,18
tt0182789,5,28
tt0164912,6,49
tt0120910,6.2,10
tt0175880,6.4,31
tt0119079,6,14
tt0174204,4.6,87
tt0146838,4.7,61
tt0125664,5.5,45
tt0177789,4.8,149
tt0134119,5,90
tt0195945,5.5,112
tt0174856,7.2,18
tt0145653,6.1,198
tt0196857,5.6,9
tt0134983,6.5,466
tt0169302,5.8,14
tt0070511,5.5,48
tt0097162,4.1,66
tt0083929,5.3,830
tt0094924,6,407
tt0106364,6.7,39
tt0102687,5.9,20
tt0141399,7.8,11
tt0104797,4.7,59
tt0105417,3.4,47
tt0108147,5.4,131
tt0104389,4.8,10
tt0106246,6.1,24
tt0105323,2.6,10
tt0105793,3.8,38
tt0104694,5.4,21
tt0105112,4.5,43
tt0103855,5,17
tt0104070,5.9,43
tt0104231,4.2,40
tt0105665,5.5,68
tt0103893,4.9,51
tt0104815,6,8
tt0103759,6.1,601
tt0134084,5.5,18
tt0105414,4.8,20
tt0144117,5.5,29
tt0171356,5.2,389
tt0163978,3.8,32
tt0220099,5.9,125
tt0217107,4,52
tt0181984,4.6,31
tt0162983,6.8,23
tt0134847,6.9,2451
tt0190138,5.5,35
tt0021749,4.4,42
tt0012349,5.8,35
tt0184858,5.3,434
tt0199290,4.5,51
tt0186045,6.3,61
tt0156841,5.4,130
tt0218043,5.9,113
tt0086969,5.9,17
tt0056875,6.8,17
tt0183523,5.7,59
tt0142688,6.9,167
tt0078902,4.5,39
tt0091217,6,90
tt0094812,5.6,45
tt0072890,4.9,96
tt0069704,4.2,25
tt0102138,5,81
tt0092666,5.7,15
tt0093596,4.9,72
tt0046435,4.6,11
tt0195685,5.7,23
tt0195714,6,544
tt0103074,6.1,362
tt0077975,5.6,173
tt0097216,3.6,33
tt0100168,5.5,35
tt0102175,4.7,20
tt0071402,5.4,21
tt0082250,5.8,24
tt0089003,7,1391
tt0109578,4.6,71
tt0036775,5.6,118
tt0101615,5.6,92
tt0100758,5.8,18
tt0103060,6.9,1659
tt0108308,5.5,18
tt0087985,6.6,58
tt0090693,5.7,37
tt0092675,5.5,39
tt0077530,5.5,88
tt0093105,5.2,79
tt0061735,5.7,44
tt0165929,6.9,33
tt0202402,5,24
tt0127349,5.9,27
tt0027977,5.7,20
tt0057163,6.1,149
tt0054997,5.7,326
tt0075860,5.2,122
tt0099871,5,12
tt0093378,6,23
tt0089457,6.2,12
tt0091445,6.6,184
tt0146882,5.4,19
tt0138749,5.6,19
tt0192614,6.1,21
tt0061619,5.9,53
tt0102057,4.8,6
tt0077928,6.9,1312
tt0100157,5.7,279
tt0104928,6.4,851
tt0089643,4.8,162
tt0074958,5.6,5
tt0093640,4.8,16
tt0075029,4.3,12
tt0165643,5,31
tt0186151,6.2,323
tt0217756,6.9,18
tt0122459,4.6,17
tt0160797,5.6,13
tt0077572,5.1,39
tt0082031,5.3,140
tt0086927,5,21
tt0093773,8.4,17
tt0102713,6.8,27
tt0144084,4.7,96
tt0171433,7.1,20
tt0166175,6.3,29
tt0074860,5.9,51
tt0080487,4.5,34
tt0176783,5.2,72
tt0199725,5.9,432
tt0141926,6.7,18
tt0159097,7.7,17
tt0104549,6.4,33
tt0158622,6.2,121
tt0198021,5.6,56
tt0189584,6.2,21
tt0154421,4.4,15
tt0106521,5.2,24
tt0172495,5.4,111
tt0188674,5.7,28
tt0071772,4.6,24
tt0185183,5.7,13
tt0210616,3.6,15
tt0171359,7.6,16
tt0089791,4,11
tt0130623,5,315
tt0215129,5.2,34
tt0080881,5.8,12
tt0119746,5.1,68
tt0120755,6.4,2347
tt0184894,7.4,2082
tt0015864,5.9,44
tt0064757,5.6,16
tt0076752,5.4,101
tt0079574,5.7,34
tt0071807,6,19
tt0208003,5.2,28
tt0080365,5.6,20
tt0054953,5.8,16
tt0105466,7.2,13
tt0071230,6.3,72
tt0074486,4.6,40
tt0059578,6,722
tt0099582,6,11
tt0084522,6.1,612
tt0086129,5.4,31
tt0089826,6.8,29
tt0100403,6.8,11
tt0093894,5.2,39
tt0088172,5.7,19
tt0094631,5,187
tt0079501,4.9,60
tt0082694,5,15
tt0089530,6,56
tt0092563,4.8,17
tt0091635,5.5,49
tt0087262,5.2,29
tt0094612,6.8,15
tt0187078,6.2,45
tt0182295,5.8,19
tt0067741,6.7,28
tt0071360,7,26
tt0077588,5.3,41
tt0070666,5.6,30
tt0043338,6.1,45
tt0072226,6.5,13
tt0090728,5.1,23
tt0204175,4.1,26
tt0162650,6,68
tt0120913,4.6,20
tt0188030,6.4,26
tt0120630,6.4,22
tt0183505,6,16
tt0187393,4,10
tt0131704,5.1,15
tt0177971,5.8,137
tt0087727,5.3,20
tt0089604,3.3,22
tt0099800,7.2,33
tt0070679,5.2,26
tt0069257,4.4,31
tt0219854,6.1,17
tt0175142,6.2,488
tt0179116,7,14
tt0087277,5.2,19
tt0038499,6.4,1400
tt0120903,6.2,14
tt0163676,6.6,11
tt0161081,6.5,239
tt0210234,6.1,907
tt0076716,6.2,100
tt0103241,5.6,23
tt0068555,6.5,35
tt0073312,6.5,23
tt0144528,5.4,1738
tt0200550,6.2,16
tt0164052,6.7,18
tt0186566,6.5,53
tt0195234,5.1,39
tt0106627,5.7,36
tt0065938,4.7,23
tt0095863,4.7,1241
tt0095925,5.3,283
tt0111187,5,36
tt0209958,7.1,3882
tt0188640,5.1,49
tt0095705,8,18
tt0102510,5.2,21
tt0046303,5.5,49
tt0088206,5.7,1470
tt0160009,5.6,1100
tt0204946,3.6,18
tt0144964,6.1,1066
tt0202677,4.9,38
tt0181875,5.3,29
tt0164212,6.2,47
tt0192731,5.3,1419
tt0168629,7.6,13
tt0222850,4.9,93
tt0210945,6.5,43
tt0093177,2.7,19
tt0095294,7.6,21
tt0104409,6.8,53
tt0055608,5.6,35
tt0060397,5.8,45
tt0208988,6.5,395
tt0212338,3.7,28
tt0180093,6.4,101
tt0213790,5.1,101
tt0089200,5.9,1146
tt0249462,4.9,27
tt0230030,5.2,19
tt0223897,5.8,84
tt0192255,7.2,437
tt0160127,6.6,112
tt0146984,5.8,24
tt0203019,5.5,54
tt0199753,6.2,97
tt0066995,5.2,1158
tt0216216,6.8,1411
tt0186894,6.4,14
tt0170016,5.4,1062
tt0213203,5.1,65
tt0211181,5.1,34
tt0180073,5.3,199
tt0217869,6.7,1178
tt0190332,6.2,12
tt0190374,5.8,31
tt0190865,5.6,1693
tt0086993,6.6,24
tt0093428,5.2,256
tt0092106,4.5,29
tt0094291,5.8,290
tt0096969,4.4,18
tt0096219,5.6,28
tt0088850,5,28
tt0208092,6.1,21
tt0095927,5.2,52
tt0241303,6.1,45
tt0242423,5.5,924
tt0120917,7.1,3601
tt0183659,5.5,982
tt0207201,4.5,42
tt0181536,4.6,12
tt0219699,6.3,67
tt0162222,6.7,1229
tt0200720,5.7,28
tt0212346,4.1,33
tt0190590,8.7,18
tt0219653,5.5,138
tt0146309,7,12
tt0181865,6.8,118
tt0189998,6.3,20
tt0083564,5.1,119
tt0101757,5.1,28
tt0053580,5.5,75
tt0090670,6.8,674
tt0218817,5,1199
tt0206275,5.4,518
tt0194218,5.9,1125
tt0237572,5.9,1363
tt0186589,5.3,1030
tt0209475,6.7,11
tt0092618,6.2,956
tt0092644,5.7,139
tt0086960,3,18
tt0092718,6.5,698
tt0092746,8.4,21
tt0092965,5.9,528
tt0092974,6.2,14
tt0083907,7.4,13
tt0093278,3.8,55
tt0093300,7.7,21
tt0093407,5.2,19
tt0093437,6.2,12
tt0093493,4.9,53
tt0093507,6.2,1434
tt0093560,6.8,68
tt0192111,5.7,3251
tt0212985,4.9,54
tt0239948,5.7,1430
tt0265632,5.8,52
tt0230838,4,29
tt0166276,6.5,20
tt0233142,5.2,25
tt0236493,4.8,25
tt0244504,6.7,135
tt0179626,5.6,1613
tt0059245,5.6,220
tt0053793,5,11
tt0080421,6.3,71
tt0099385,8.2,11
tt0101764,5.2,35
tt0102005,5.4,18
tt0085868,4.9,67
tt0100140,5.1,13
tt0091474,4.2,22
tt0077413,6.4,18
tt0071771,5,17
tt0087015,9,17
tt0215750,5,34
tt0242445,6.4,27
tt0209144,5.6,998
tt0227538,5.6,435
tt0246989,5.4,1045
tt0236784,5.6,1385
tt0245712,5.5,1924
tt0164334,5.2,341
tt0221027,5.5,2259
tt0235679,6.6,16
tt0268200,6.6,22
tt0243155,8.1,41
tt0245686,5.4,18
tt0231402,5.4,25
tt0086250,5.9,1505
tt0132245,5.4,24
tt0141907,5.8,31
tt0209163,4.6,47
tt0056937,5.7,14
tt0085811,5.7,35
tt0084917,5,43
tt0107130,6,42
tt0101902,4.4,14
tt0066011,7.2,19
tt0183790,6.4,24
tt0225071,6.2,36
tt0126029,6.7,19
tt0203009,3.8,32
tt0213149,2.2,22
tt0100395,6.3,18
tt0101587,5,26
tt0095647,6,46
tt0054047,5.8,124
tt0094142,5.8,56
tt0060934,6,124
tt0255798,6.1,1167
tt0251075,1.4,20
tt0244244,6.4,22
tt0065528,6.7,25
tt0102685,5.5,119
tt0105699,6.4,457
tt0051885,5.5,22
tt0084805,6.5,17
tt0230011,5.2,15
tt0146316,4.9,70
tt0240462,5.5,559
tt0232500,6.4,1074
tt0212720,5.8,34
tt0255819,7,17
tt0250224,5.6,924
tt0239395,5,1212
tt0271027,5.6,61
tt0257106,4.4,18
tt0082136,5.2,36
tt0057007,5.5,38
tt0053925,3.1,44
tt0056217,6.2,1772
tt0105378,5.8,70
tt0055184,5.7,30
tt0049513,5.3,40
tt0089461,5.7,28
tt0082869,5.6,16
tt0068935,5.7,65
tt0173840,6.8,38
tt0250494,6,99
tt0227445,5.7,1030
tt0227005,5.2,1002
tt0094602,4.8,22
tt0096764,5.5,25
tt0094667,6.7,21
tt0094701,5.2,39
tt0094746,5.1,1384
tt0094761,6.8,41
tt0094783,5.9,265
tt2018086,5.2,18
tt0094889,5.1,58
tt0094894,5.4,1142
tt0094898,6.2,17
tt0090887,6.3,3675
tt0094919,6.7,8
tt0095107,6.2,235
tt0095174,2.1,25
tt0095253,4.3,32
tt0095326,7.9,188
tt0095488,5.6,1399
tt0095489,5.1,31
tt0095519,5.6,187
tt0095687,6.8,22
tt0095774,5.6,242
tt0095853,7,12
tt0095963,6.2,23
tt0095990,5.5,13
tt0089907,6.4,27
tt0084296,8.7,9
tt0096071,6.4,343
tt0096193,5.2,47
tt0096256,5.1,115
tt0096320,6.7,30
tt0096794,5.9,204
tt0088708,5.2,37
tt0096926,4.2,30
tt0096928,6.4,53
tt0096933,8.1,21
tt0097027,4,24
tt0097138,4,30
tt0097142,5.2,99
tt0097257,6.6,276
tt0097334,6.1,665
tt0097481,4.9,52
tt0097626,5.2,60
tt0097637,5.6,45
tt0097659,6,17
tt0097737,4,25
tt0097758,5.2,51
tt0097770,6.8,41
tt0097778,5.6,29
tt0097815,5.3,15
tt0097889,7.2,12
tt0097967,5.2,13
tt0097987,6.6,2184
tt0098180,4,19
tt0163025,6.5,27
tt0222851,4.2,27
tt0133152,5.3,151
tt0123948,6.1,26073
tt0261755,4.2,31
tt0243655,4.4,16
tt0098206,6.1,24
tt0098273,6,12
tt0098282,6.3,33
tt0098320,5.7,58
tt0098439,6.6,12
tt0098471,6.5,67
tt0098554,5.7,1859
tt0098577,6.7,13
tt0098663,5.2,54
tt0087089,6.5,23
tt0218922,5,19
tt0247638,6.1,29
tt0266915,7.9,30
tt0064782,6.4,153
tt0080360,6.3,1064
tt0252866,4.1,45
tt0181739,4.7,21
tt0244000,5.1,44
tt0261983,6.7,2716
tt0238112,6.5,73
tt0250687,6,1847
tt0261392,6.5,2720
tt0228333,4.9,22
tt0234829,6.1,127
tt0263488,4.2,24
tt0092147,4.3,17
tt0246544,4.3,11
tt0202470,4.4,38
tt0242587,5,104
tt0221218,6,12
tt0180734,5.3,134
tt0246464,6,325
tt0118589,5,35
tt0139654,5.5,25
tt0239986,6.1,33
tt0057193,5.9,33
tt0067588,5.6,62
tt0055312,7.1,26
tt0091993,7.4,25
tt0260866,6.4,22
tt0252501,8.2,19
tt0196229,4.7,24
tt0206314,7.7,48
tt0273799,6.1,392
tt0240890,5.5,106
tt0080437,6.2,46
tt0080549,5.8,118
tt0219965,5.2,141
tt0250310,7,15
tt0166924,5.1,46
tt0166110,3.6,28
tt0066999,5.3,143
tt0067093,5.8,177
tt0120681,5.5,25
tt0272020,3.3,44
tt0200027,6.9,24
tt0272152,4.5,16
tt0246578,6.3,126
tt0249478,5.6,20
tt0198781,6.4,313
tt0267804,5.7,257
tt0275719,5.6,312
tt0256380,5.6,232
tt0290332,6,264
tt0241527,5.7,317
tt0234354,6.1,258
tt0253798,6.1,101
tt0266987,6.2,407
tt0256009,4.1,17
tt0062994,5.2,8
tt0090095,4.8,8
tt0076299,5.5,482
tt0080661,5.7,1025
tt0080745,5.6,21
tt0074483,7.2,44
tt0076070,5.7,177
tt0085862,6.7,24
tt0086383,5,21
tt0159273,5.6,22
tt0240772,5.5,93
tt0211915,6.1,33
tt0277371,5.5,20
tt0259711,7,19
tt0265666,5.3,74
tt0088103,6.5,258
tt0084684,1,22
tt0086346,6.6,321
tt0278488,4.4,8
tt0268397,4.2,21
tt0120737,7.2,13
tt0268995,6.4,22
tt0268978,4.9,16
tt0051201,4.5,23
tt0248667,5.2,134
tt0265086,5.1,58
tt0086619,5.1,86
tt0280707,5.3,107
tt0277027,6.2,39
tt0285742,7.5,18
tt0117653,5.4,76
tt0237534,4.6,103
tt0099044,5,16
tt0082288,4.6,33
tt0087078,6.4,13
tt0085542,5.6,16
tt0080771,6.1,2003
tt0083511,6.8,20
tt0085271,7.1,14
tt0106770,5.6,15
tt0066026,6.4,24
tt0055257,4.2,37
tt0245844,3.5,39
tt0265349,5.5,62
tt0281358,6.7,399
tt0294289,6.2,11
tt0293416,7.3,44
tt0097116,5.6,1715
tt0240900,7.1,25
tt0082525,5.7,12
tt0265298,7.7,37
tt0233469,4.2,26
tt0109190,7.9,18
tt0085891,8.3,25
tt0275022,6.6,444
tt0251114,8,19
tt0251160,4.5,35
tt0280030,5.4,10
tt0247745,6.1,16
tt0107034,5.9,1419
tt0081698,6.9,29
tt0259288,6,33
tt0238546,6,18
tt0074174,6.3,37
tt0277434,6.4,32
tt0110146,6,88
tt0108395,6.5,27
tt0038057,5.5,64
tt0278295,5.4,22
tt0268695,7,15
tt0290212,6.2,20
tt0080855,6.5,62
tt0081071,6.9,57
tt0268380,6.6,209
tt0120804,7,17
tt0284490,5.2,163
tt0264761,5.7,55
tt0245574,5.3,154
tt0105459,6,131
tt0083169,5.9,18
tt0187738,6.2,32
tt0157472,2,25
tt0258000,5.7,46
tt0265662,5.3,126
tt0254686,6,291
tt0257756,5.8,252
tt0283111,5.8,260
tt0042876,5.1,231
tt0264472,5.9,205
tt0264616,5.3,89
tt0253867,5.8,54
tt0266391,5.5,36
tt0219822,5.3,92
tt0259446,5.6,202
tt0072737,6.4,12
tt0264935,6.1,46
tt0277296,6.6,22
tt0211443,6.6,38
tt0282687,5,22
tt0235737,7.2,18
tt0120467,4.9,165
tt0101701,6.8,25
tt0065916,7.5,20
tt0088256,6,27
tt0145487,4.7,26
tt0102753,5.6,25
tt0103247,6.6,17
tt0250797,5,15
tt0091578,5.7,15
tt0276751,1.6,27
tt0121765,5.4,35
tt0247199,6.7,324
tt0077523,5.9,1847
tt0278435,6.2,18
tt0278504,6.4,2337
tt0166813,6.2,47
tt0164184,6.4,23
tt0279493,5.5,82
tt0105219,4.5,58
tt0280486,5.9,36
tt0285441,4.8,13
tt0258463,5.5,214
tt0267913,4.6,13
tt0245562,6.7,27
tt0061770,5.7,52
tt0091472,4.7,22
tt0041866,6,30
tt0275847,4.7,16
tt0181689,4.8,126
tt0280590,5.8,21
tt0258273,7,28
tt0120912,5.7,1229
tt0289408,6.5,62
tt0253556,6.8,1001
tt0257044,5.4,29
tt0089798,5.3,27
tt0068837,6.4,61
tt0220506,5.1,33
tt0267626,6.9,67
tt0243585,6.7,821
tt0295178,5.4,120
tt0303353,8.5,15
tt0303243,6.8,1400
tt0271219,5.8,47
tt0088286,6.8,28
tt0286106,4.4,28
tt0287717,6.8,18
tt0279113,5.7,26
tt0309377,6.2,32
tt0295701,8.4,15
tt0327036,5.5,25
tt0180052,5.4,25
tt0300532,4.7,26
tt0255589,7,18
tt0256276,5.9,40
tt0265459,5.3,77
tt0261289,6.1,1664
tt0281322,5.4,20
tt0082186,5.9,18
tt0102059,5.3,14
tt0109368,5.4,18
tt0090966,5.2,29
tt0049452,4.2,25
tt0083336,6,14
tt0295254,5.1,16
tt0269095,7.2,31
tt0283026,5.3,69
tt0303714,5,8
tt0293662,8.3,11
tt0280760,5.3,190
tt0103924,6.7,27
tt0077681,5.4,18
tt0100666,5.5,33
tt0308208,5.7,22
tt0240510,2.9,34
tt0280380,5.2,249
tt0274812,5,54
tt0245429,3.7,39
tt0256415,5.4,11
tt0179098,6.1,49
tt0289765,6.9,3670
tt0095895,5.8,130
tt0098575,2.4,27
tt0103977,5,19
tt0297037,5.6,24
tt0211465,7.3,5350
tt0283084,5.7,23
tt0310793,2.7,31
tt0272338,5.2,60
tt0291502,6.9,22
tt0267248,7.5,40
tt0227984,8,25
tt0298130,5.3,24
tt0298744,5.1,12
tt0145937,5.8,47
tt0107254,6,101
tt0076666,6.2,38
tt0086361,2,26
tt0081747,1.6,23
tt0081777,6.6,33
tt0081974,7.4,28
tt0082005,5.5,50
tt0082085,5.5,169
tt0082242,8.1,22
tt0082432,6.4,1918
tt0082464,6.2,1787
tt0082497,5.2,21
tt0082507,5.4,10
tt0082648,5.8,208
tt0082801,6,14
tt0082894,5.4,12
tt0082948,6.1,1953
tt0288477,4.6,47
tt0322802,5,29
tt0252223,4.4,9
tt0120679,5.9,384
tt0061452,4.5,29
tt0053804,5.2,58
tt0297181,6.1,124
tt0304669,7.5,22
tt0210382,6,94
tt0280665,5.8,26
tt0298203,6.4,24
tt0297884,7.8,33
tt0295297,6.1,61
tt0263734,6.5,21
tt0102782,6.4,43
tt0083000,5.4,12
tt0081455,5.6,65
tt0083113,5.5,98
tt0083193,6.1,17
tt0246460,6.6,454
tt0293815,5,14
tt0258068,7.2,75
tt0287467,5.4,19
tt0283160,6.9,2976
tt0307479,5.8,27
tt0133240,3.6,16
tt0084749,5,55
tt0058777,5.7,19
tt0289848,7.4,30
tt0262396,4,14
tt0268126,5.4,70
tt0238380,5.4,67
tt0083284,5.4,145
tt0083542,5.8,69
tt0083642,5,12
tt0083745,4.8,37
tt0303933,5.5,40
tt0252076,5.7,66
tt0253754,6.9,32
tt0257360,5.8,37
tt0167261,8.3,18
tt0307901,6,81
tt0168786,6.2,140
tt0217505,4,9
tt0313737,5.3,22
tt0272207,5.2,34
tt0106453,4.5,9
tt0050629,5.9,200
tt0120042,6,13
tt0049934,4.2,11
tt0264464,6.4,12
tt0255477,7,21
tt0299658,6.9,51
tt0274558,5.3,598
tt0253474,6.2,81
tt0270288,5.9,404
tt0305711,8,92
tt0295289,6.6,2447
tt0317248,4.7,26
tt0057869,6.6,24
tt0326769,6.3,27
tt0309593,5.7,192
tt0303361,5.3,84
tt0083943,6.9,69
tt0251127,5.7,20
tt0300471,4.8,13
tt0287978,5,17
tt0283426,7.2,13
tt0106701,5.4,16
tt0085121,6.5,182
tt0078872,6,83
tt0061523,4.9,81
tt0059573,6,16
tt0093771,3.6,28
tt0279331,5.4,29
tt0279111,6,15
tt0289992,5.4,12
tt0302886,6.6,24
tt0306685,4.5,11
tt0305669,6.4,257
tt0314353,6.2,271
tt0286499,5.6,41
tt0269347,5.2,9
tt0055047,6.9,10
tt0178868,6.2,22
tt0218553,5.4,8
tt0065054,7.2,20
tt0285462,6,17
tt0285531,5,17
tt0046247,6,10
tt0105824,4.5,23
tt0264395,6.5,32
tt0298814,5.1,106
tt0316188,5.5,41
tt0266465,6.7,474
tt0183649,5.7,16
tt0304328,3.6,27
tt0305224,4.8,38
tt0297144,5,8
tt0251736,6.5,2816
tt0310281,6.4,208
tt0301727,6.6,2618
tt0067800,4.6,38
tt0066769,6.2,9
tt0250371,5.6,23
tt0078504,5.1,13
tt0102411,5.8,66
tt0102849,5.7,34
tt0309698,4.8,15
tt0332605,6.1,47
tt0306841,4.7,16
tt0290334,6,8
tt0290145,5.9,40
tt0317303,5.8,659
tt0234215,6.7,269
tt0309530,6.4,530
tt0283900,5.8,78
tt0315327,6.7,217
tt0266543,5.9,93
tt0317740,6.4,306
tt0295700,7.3,18
tt0322259,6,20
tt0298228,5.9,42
tt0102603,6.7,1061
tt0101410,4.5,92
tt0102900,5.4,32
tt0329028,5.3,199
tt0339034,6.3,22
tt0329717,5.9,184
tt0318283,7,59
tt0289043,6.1,58
tt0305357,5.9,115
tt0106447,5.9,931
tt0054198,5,11
tt0045125,6,21
tt0286716,4.5,46
tt0333780,2.3,21
tt0165982,3.8,6
tt0181852,5.5,42
tt0324133,6.7,25
tt0325980,6.2,47
tt0311429,6.4,55
tt0172156,5.4,17
tt0274166,7.7,16556
tt0100053,6.2,46
tt0325703,6.2,40
tt0329575,6.8,20
tt0338459,7.2,1112
tt0319769,4.5,30
tt0055256,5.4,98
tt0066249,5.9,62
tt0328828,6,24
tt0299930,5.7,55
tt0322330,3.5,27
tt0257076,5.4,16
tt0329101,6.1,56
tt0316356,7.7,24
tt0263757,5.7,43
tt0313911,4.9,54
tt0045888,4.3,78
tt0107504,5.2,344
tt0086525,3.8,39
tt0062467,6.7,34
tt0102915,4,9
tt0066434,6.1,118
tt0062430,7.7,16
tt0085780,5.6,93
tt0045546,4.6,27
tt0100814,4.2,15
tt0075066,4.3,30
tt0088944,4.6,11
tt0266747,5.1,26
tt0301470,6,104
tt0304711,6.8,39
tt0320244,6.6,26
tt0303816,4.6,18
tt0325805,6.4,638
tt0285823,6.4,70
tt0335266,6,9
tt0077369,4.4,20
tt0088993,4.7,9
tt0064418,4.6,9
tt0104850,8.4,34
tt0079826,6.2,119
tt0089730,7.7,35
tt0191133,6.5,34
tt0320691,6.8,985
tt0266489,6.6,19
tt0327850,6.4,23
tt0328589,5.9,22
tt0330602,5.2,23
tt0286244,7.9,43
tt0086541,7,34
tt0169102,6,74
tt0055031,7.2,35
tt0078199,7,3559
tt0074119,6,21
tt0267287,7.6,70
tt0106375,6.7,20
tt0101507,7,3616
tt0101516,4.7,29
tt0104006,4.3,135
tt0065207,6.6,827
tt0102945,4.8,26
tt0110759,6.1,39
tt0100514,6.4,1970
tt0087062,4.1,31
tt0089346,8.1,20
tt0102749,6,86
tt0079576,9,14
tt0104376,5.5,113
tt0101371,4.9,19
tt0094169,7.8,22
tt0108320,6,9
tt0076271,6.4,45
tt0061809,3.6,20
tt0102460,7,21
tt0313443,6.3,8
tt0332379,9,15
tt0340377,5.3,25
tt0335563,5.4,611
tt0327056,4.5,14
tt0317676,6.2,204
tt0138524,4.8,48
tt0266697,7,4168
tt0313542,6.8,21
tt0324216,7.5,31
tt0325055,6.3,42
tt0312549,5.4,41
tt0199626,5.5,28
tt0316465,5.3,26
tt0306047,5.6,290
tt0363589,4.9,13
tt0323944,5.4,21
tt0242653,5.6,22
tt0319343,3.5,18
tt0314331,8,18
tt0318155,6.3,463
tt0311113,6.9,733
tt0343121,5.4,27
tt0348836,6.3,430
tt0315733,4.8,18
tt0338135,5.8,559
tt0307987,6.3,116
tt0338094,2.9,45
tt0300556,7.8,14
tt0099365,5.8,18
tt0102526,4.5,34
tt0086567,5.7,98
tt0016641,6.8,17
tt0091167,5.2,14
tt0102034,5.8,40
tt0102070,6.7,544
tt0077745,5.4,205
tt0099938,7.2,51
tt0102266,6.1,45
tt0070849,6.7,127
tt0100201,6.4,25
tt0093692,5.6,29
tt0105104,6.6,34
tt0100404,5.1,1178
tt0093793,6.8,17
tt0102729,5.6,15
tt0266308,6.4,24
tt0107156,5.2,12
tt0105211,5.5,19
tt0093936,6.8,3124
tt0088194,6.5,19
tt0056663,5.4,17
tt0100935,5.4,19
tt0090350,5.8,187
tt0027948,6.8,207
tt0028333,5,14
tt0055798,6,30
tt0004972,6.2,856
tt0040724,5.3,197
tt0031971,6,60
tt0062765,5.8,360
tt0024034,7.3,4410
tt0024166,6.5,25
tt0087892,5.3,129
tt0299977,6.5,19
tt0026071,5.1,49
tt0087544,7.8,16
tt0092925,5.6,175
tt0078723,4.7,16
tt0107387,7.1,24
tt0102818,7.2,70
tt0322589,6.1,17
tt0325710,6.9,16
tt0319061,5.7,39
tt0337741,5.3,24
tt0338466,6.6,16
tt0167260,4.8,19
tt0337909,5.6,21
tt0315983,6.5,287
tt0340855,5.4,19
tt0349205,4.5,15
tt0159365,4.9,77
tt0338337,5.2,56
tt0316396,6.6,35
tt0335013,5.4,163
tt0360139,7,69
tt0343135,5.5,11
tt0329691,5.6,68
tt0071577,5.6,58
tt0109376,5.9,168
tt0107750,4.6,30
tt0098987,5.3,33
tt0093737,5.6,65
tt0104009,6,68
tt0107594,6.1,661
tt0289879,6.3,1836
tt0335559,4.7,14
tt0315824,6,375
tt0345551,3.9,25
tt0337579,6.8,21
tt0337917,5.4,17
tt0349825,6,38
tt0309987,4.5,37
tt0073282,5.4,15
tt0328538,7,82
tt0013140,6.6,387
tt0086955,5.8,208
tt0343660,5.1,63
tt0361925,5.8,24
tt0067927,5.3,37
tt0015400,6.1,18
tt0089421,7,13
tt0091828,6.3,1831
tt0312329,4.5,15
tt0361467,6.9,59
tt0356150,5.5,13
tt0335345,5.8,14
tt0331953,7.1,3798
tt0338096,5.4,23
tt0315297,4.8,19
tt0301357,6.9,37
tt0317648,7.1,22
tt0335438,7.1,15
tt0358349,7.4,53
tt0265208,6.2,83
tt0363988,7.4,5702
tt0360009,4.9,15
tt0109447,5.2,14
tt0118172,6.3,28
tt0363547,6.5,56
tt0338013,7.3,28
tt0364045,6.3,57
tt0332658,6.3,19
tt0300051,5,48
tt0354766,6.3,20
tt0276919,6,123
tt0167190,6.1,31
tt0299172,8.1,19
tt0351977,6.2,213
tt0359517,3.9,26
tt0318974,5.7,27
tt0327679,6.5,55
tt0327247,6.9,28
tt0049833,4.6,13
tt0077402,6.7,27
tt0059797,5.7,31
tt0088680,6.1,179
tt0345074,5.7,8
tt0378194,4.8,26
tt0330793,5.6,34
tt0289635,4,6
tt0337563,6.3,39
tt0328107,5.4,26
tt0335121,5.2,29
tt0323033,4,27
tt0377092,5.4,11
tt0277895,6.8,33
tt0338526,6.5,10
tt0339419,6.6,12
tt0332452,5.7,15
tt0160184,6,13
tt0089092,5.1,114
tt0070034,5.7,27
tt0062512,6.3,32
tt0086034,5.8,92
tt0086006,6.1,21
tt0089015,5.8,151
tt0086984,6.4,777
tt0056241,5.9,1245
tt0105217,5.6,18
tt0105017,6.8,46
tt0078966,5.6,9
tt0034587,7.6,9066
tt0079227,6.1,25
tt0110725,4,14
tt0155713,4.2,36
tt0089114,6.4,634
tt0080120,4.2,16
tt0066549,6.7,54
tt0066580,6.1,77
tt0070518,3.5,26
tt0065446,3.6,27
tt0102116,3.7,16
tt0058404,6,16
tt0100260,8.2,25
tt0209077,6.1,16
tt0075784,5.5,16
tt0087003,6.3,723
tt0091083,4.3,24
tt0120199,6.1,715
tt0095756,7.8,15
tt0072856,5.1,15
tt0068638,5.6,202
tt0070379,6.7,43
tt0060490,5.9,25
tt0285728,5.4,14
tt0102631,6.7,24
tt0047849,6,140
tt0062794,6.2,71
tt0065466,5,16
tt0101373,5.8,25
tt0100258,4.1,55
tt0024481,5.4,10
tt0087957,6.2,152
tt0068421,8.3,24
tt0046816,5.2,15
tt0079116,4.6,14
tt0298148,6.7,36
tt0319262,5.8,14
tt0350028,6.6,343
tt0367085,5.8,111
tt0323298,5.7,105
tt0304141,4.9,113
tt0297284,4.6,51
tt0296572,5,21
tt0356634,5.5,26
tt0327162,6.4,42
tt0374900,5.8,50
tt0103976,4.6,25
tt0101746,7.2,78
tt0034746,7.3,33
tt0063642,6.8,45
tt0066090,6.2,44
tt0100129,5.9,1109
tt0041841,4.6,13
tt0390521,8.5,120
tt0061420,1.1,23
tt0091209,5.7,38
tt0044030,4.8,14
tt0327437,5.2,18
tt0364725,6.8,605
tt0362227,5.7,251
tt0381707,4.5,18
tt0332280,6.1,40
tt0338512,6.4,32
tt0064100,7.8,13
tt0110944,6.1,18
tt0104573,5.8,55
tt0295721,6.9,65
tt0093693,6.7,1521
tt0361596,4.1,13
tt0114371,5.3,17
tt0073092,6.3,115
tt0087597,5.7,37
tt0316654,6.4,182
tt0381681,5.1,25
tt0349683,5,66
tt0357413,4.2,13
tt0356470,6.3,20
tt0343818,6.3,123
tt0056085,6.3,883
tt0372183,6.2,225
tt0327554,2.1,23
tt0359423,5.5,14
tt0075268,6.1,852
tt0063592,5.6,1545
tt0093744,8.2,96
tt0103007,9.3,15
tt0055572,4.6,18
tt0368008,6.8,234
tt0167456,5.2,28
tt0368447,5.3,129
tt0333766,8,23
tt0369339,7,30
tt0361841,4.5,47
tt0366551,6.1,16
tt0368933,6.1,127
tt0370263,4.8,58
tt0403703,4.1,25
tt0361309,6,125
tt0364751,4.3,23
tt0204313,6.7,24
tt0366174,3.8,16
tt0324127,6.6,109
tt0241025,5.3,27
tt0380277,6.1,10
tt0338325,4.3,49
tt0324554,7,40
tt0093624,7.9,14
tt0337921,6.2,14
tt0318627,6.4,27
tt0339412,5.6,58
tt0346156,5.9,20
tt0360201,6.3,693
tt0356618,4.8,20
tt0365125,3.3,19
tt0365748,5.6,151
tt0029852,3.6,28
tt0076504,6,158
tt0103594,5.5,30
tt0307453,4.1,27
tt0349710,5.6,65
tt0361696,7.3,2278
tt0316732,6.1,21
tt0390384,5.4,70
tt0358135,3.8,13
tt0372588,5.9,239
tt0074279,5.2,14
tt0390022,5,505
tt0390538,6.1,192
tt0252028,7.5,140
tt0391198,5.4,60
tt0375173,5.3,47
tt0375063,6.5,32
tt0361862,5.6,29
tt0387564,6.3,24
tt0350258,6.7,240
tt0317705,5.4,17
tt0338348,6.3,86
tt0387575,5.6,50
tt0367479,6.4,43
tt0317198,5.7,51
tt0308644,5.3,12
tt0420332,7.5,27
tt0368891,3.9,28
tt0275491,6.3,19
tt0345950,5.2,20
tt0346491,3.5,25
tt0376541,5.4,66
tt0349903,6.9,15
tt0359013,6.4,659
tt0053644,6.2,68
tt0053716,6,17
tt0339727,6.2,110
tt0106912,8.2,19
tt0005078,6.1,27
tt0015624,6.8,138
tt0024548,6.1,14
tt0026529,3.9,28
tt0032273,4.1,26
tt0035959,6.5,110
tt0040064,5.3,23
tt0040369,4.3,36
tt0040694,5.1,211
tt0042200,1.5,23
tt0053131,2.4,20
tt0055946,6,105
tt0056264,6,30
tt0058946,5.4,63
tt0059127,6.1,819
tt0059418,4.6,12
tt0059825,4.8,24
tt0061955,5.3,40
tt0062138,5.5,12
tt0066601,5.8,178
tt0067810,6.2,361
tt0072973,5.6,26
tt0075223,4.7,64
tt0076141,6.7,16
tt0076740,5.4,726
tt0079336,5.5,13
tt0082892,5.3,58
tt0085255,6.3,22
tt0086216,5.6,63
tt0086491,6.7,1440
tt0087968,6.9,60
tt0088821,7.2,2061
tt0089603,7.7,28
tt0090856,6.5,213
tt0091981,6.9,999
tt0093777,5.9,117
tt0095904,5.4,54
tt0097814,6.4,109
tt0099329,5.5,55
tt0099611,6.2,18
tt0099739,5.4,18
tt0099747,4.7,23
tt0100029,4.3,18
tt0101597,5.4,1163
tt0101786,6.4,24
tt0102395,6.6,33
tt0102614,6.2,25
tt0104107,5.6,50
tt0106950,5.8,188
tt0107277,6.5,24
tt0107819,8.1,42
tt0120604,1.7,14
tt0145394,5.9,402
tt0164538,5.4,21
tt0172684,6.9,29
tt0212712,8.5,120
tt0271946,5,44
tt0292490,6.1,255
tt0310775,6.6,22
tt0318081,6.6,1859
tt0339291,4.8,107
tt0349260,7.6,17
tt0351817,4,25
tt0356614,7.4,50
tt0364569,6.7,26
tt0366627,7.1,21
tt0369702,6.6,15
tt0371246,6,227
tt0373926,5.2,114
tt0374102,7.6,38
tt0375912,7.7,9478
tt0377062,7.3,22
tt0377091,5.2,12
tt0377109,6.3,143
tt0377992,5,13
tt0381936,3.6,13
tt0384533,5.4,122
tt0388789,5.3,19
tt0389326,6.6,50
tt0405296,6.1,24
tt0405821,6.1,628
tt0405159,6.3,23
tt0395169,5.5,101
tt0367594,6.3,58
tt0362270,5.6,52
tt0338751,5.4,330
tt0293508,6,153
tt0290002,5.8,13
tt0375210,4.7,17
tt0086429,5.7,35
tt0020960,6.4,231
tt0104804,6.6,74
tt0034167,6,357
tt0076929,6.4,136
tt0401233,7.6,13
tt0357277,6.1,1279
tt0376105,4.4,38
tt0393162,3.3,18
tt0075265,6.5,23
tt0101412,6.8,70
tt0109402,2.1,21
tt0363163,7.1,87
tt0398712,6.5,28
tt0368578,7.4,29
tt0369226,6.2,65
tt0382077,5.4,66
tt0357507,5.9,111
tt0372532,6.6,1088
tt0106761,6,390
tt0347149,4.8,13
tt0361322,7.4,13
tt0386588,5,13
tt0418753,6.2,181
tt0360486,7,11
tt0317132,5.5,54
tt0403358,5.8,19
tt0041838,5.6,21
tt0373074,6.3,17
tt0257516,6.8,28
tt0395699,7.5,24
tt0377471,6.5,33
tt0340163,6,21
tt0358082,6,96
tt0106464,3.8,14
tt0107745,6.7,17
tt0063035,7.2,16
tt0396652,5.4,25
tt0372237,5.7,44
tt0399901,5.8,45
tt0096409,5.8,650
tt0357110,5.7,322
tt0401792,3.9,24
tt0388500,4.3,22
tt0318649,7.4,15
tt0332047,6.4,40
tt0088001,6,18
tt0060491,4.2,13
tt0037465,4.7,16
tt0371724,6.4,147
tt0384806,6.9,21
tt0384369,5.4,21
tt0079180,3.9,13
tt0391304,7.2,18
tt0329774,7.1,24
tt0320661,5.1,25
tt0397065,5.4,36
tt0375679,6.6,76
tt0028216,6.5,57
tt0342258,6.4,227
tt0121766,4,29
tt0384642,5.4,37
tt0369735,6.5,161
tt0411705,6.3,21
tt0351283,6,9
tt0106233,6.6,12
tt0449086,5.5,683
tt0398165,6.2,17
tt0119709,5.1,35
tt0352248,6.1,1165
tt0403508,6.9,21
tt0355702,4.6,13
tt0356910,5.8,913
tt0424774,6.7,106
tt0388139,6.2,52
tt0043949,5.7,59
tt0372784,6.2,22
tt0400497,4.8,22
tt0418819,5.1,31
tt0374536,6.2,47
tt0049778,6.1,16
tt0078444,6.8,22
tt0407304,4.7,16
tt0428803,6,17
tt0376108,5.8,309
tt0382628,7.1,24
tt0120667,6.2,240
tt0436613,4.4,15
tt0396269,8.5,34
tt0409184,6.4,18
tt0410097,6.4,1225
tt0099740,6.4,19
tt0399201,6.1,20
tt0408524,5.2,14
tt0405325,5.2,527
tt0382992,6.1,22
tt0417001,6.4,13
tt0379786,7.3,14
tt0412019,5.1,12
tt0368774,7.2,30
tt0290747,4.2,50
tt0377818,7.4,15
tt0367652,4.8,8
tt0397101,5.6,138
tt0430105,6.3,23
tt0326905,4.7,16
tt0405422,6.7,24
tt0421239,8.2,36
tt0112870,5.4,36
tt0361089,7,10
tt0355295,7,21
tt0402901,7.1,68
tt0434424,7.6,17
tt0387131,5.5,19
tt0388482,5.3,21
tt0425123,5.1,15
tt0377107,4.5,55
tt0399295,6.3,432
tt0384286,6.4,59
tt0404030,6,19
tt0419706,4.3,42
tt0421054,6.8,56
tt0348333,6.4,52
tt0402022,7.3,28
tt0350261,2.8,25
tt0404032,4,50
tt0408790,4.3,19
tt0121164,4.1,18
tt0399146,7.2,17
tt0380599,5.2,23
tt0388980,5.7,23
tt0379725,7,18
tt0378109,5.9,18
tt0366780,5.8,13
tt0312004,7.2,8
tt0373469,5.5,745
tt0380389,6.7,19
tt0092240,7.3,7314
tt0056800,6.6,13
tt0367089,6.1,22
tt0417217,6.9,1250
tt0388795,5.2,13
tt0368709,4.4,27
tt0395972,5.5,128
tt0433383,6.7,26
tt0421238,5.3,60
tt0432291,6.6,21
tt0338427,5.2,44
tt0371257,6.1,41
tt0386140,6.9,1542
tt0384680,4.6,15
tt0432348,6.4,28
tt0402158,6.4,19
tt0342735,6.4,38
tt0075909,7.2,25
tt0418763,6.5,621
tt0371606,5.8,915
tt0424205,5.9,116
tt0430308,4.1,51
tt0365737,4.4,11
tt0398017,4.3,15
tt0414387,6.3,112
tt0416315,4,50
tt0330373,5.1,19
tt0358273,7,460
tt0294870,5.5,27
tt0406375,7.6,14
tt0387059,7.1,15
tt0443295,6.8,29
tt0416320,8,13
tt0363771,5.6,333
tt0360717,6,145
tt0397535,5.8,16
tt0247303,4.5,30
tt0365485,4.2,27
tt0392465,7,62
tt0419294,6.2,33
tt0408306,4.8,54
tt0395251,5.4,28
tt0407265,4.3,35
tt0398375,7.2,16
tt0452598,6.1,17
tt0369441,5.1,17
tt0444653,6.6,352
tt0402399,6.5,13
tt0414852,5.2,16
tt0383222,6.2,96
tt0450278,4.4,53
tt0375154,5.9,42
tt0408985,6.8,14
tt0443536,5.5,24
tt0401855,5.4,36
tt0437447,6.4,15
tt0089913,4.7,14
tt0416496,5.1,24
tt0417433,3.9,68
tt0421729,6.5,21
tt0396752,6.2,16
tt0414982,8.6,15
tt0425598,6.6,16
tt0092115,5.4,40
tt0381971,4.2,18
tt0408345,6.2,45
tt0455857,4.6,72
tt0401815,2,20
tt0349467,5.5,14
tt0380817,7,1451
tt0397313,7.1,82
tt0466342,6.9,1217
tt0404390,4.8,23
tt0455612,5.5,1225
tt0370032,7.2,2136
tt0397078,7,230
tt0454919,6.6,1388
tt0450232,6.2,967
tt0427229,3.9,63
tt0438097,1.7,13
tt0434409,7.6,110
tt0454945,7.2,368
tt0427944,6.2,11
tt0419749,7.6,62
tt0454848,5.3,19
tt0468565,5.4,25
tt0429591,6,948
tt0110329,6,28
tt0458242,6.9,1672
tt0454841,4.7,27
tt0393735,6.3,62
tt0108187,5.7,54
tt0405094,5.3,63
tt0446046,6.8,20
tt0425210,7.2,10961
tt0441909,6.4,209
tt0437800,6,21
tt0441796,6.9,1364
tt0430912,5.8,26
tt0393109,5.9,730
tt0466856,5.5,179
tt0386741,5,108
tt0436331,6.4,519
tt0362120,6.6,18
tt0424136,6.6,29
tt0093743,6.1,23
tt0443632,5.9,470
tt0405469,5,17
tt0384537,4.7,90
tt0387055,8.1,49
tt0465142,6.9,19
tt0023196,6.7,106
tt0427954,6.2,12
tt0317919,5.4,77
tt0449089,6.5,19
tt0475276,6.6,1463
tt0398027,5.7,11
tt0327084,5.2,61
tt0409182,7.8,50
tt0382625,6.6,3592
tt0376994,6.4,33
tt0452594,6.5,20
tt0417385,6.2,907
tt0317219,6.6,124
tt0343996,4.9,14
tt0360016,6.6,1260
tt0466909,5.6,231
tt0457510,5.2,19
tt0410297,4.8,15
tt0389860,6.9,17
tt0458352,4.9,18
tt0383574,6,37
tt0463034,5.8,697
tt0424345,6.7,192
tt0452637,6,113
tt0422720,6,54
tt0489037,5.3,22
tt0497116,4.1,64
tt0463985,3.6,42
tt0348150,5.6,72
tt0449059,4.9,21
tt0085384,4.2,22
tt0449467,3.7,20
tt0079758,5.9,750
tt0430304,6.9,1150
tt0385880,6.7,1514
tt0417148,6.7,21
tt0457513,6.3,244
tt0415306,5.5,27
tt0477347,4.8,15
tt0469641,6,47
tt0420223,6.8,157
tt0038213,5.8,76
tt0430357,5,26
tt0454921,3.8,30
tt0455967,5.8,24
tt0429589,6.7,27
tt0421229,6,745
tt0479884,6.7,313
tt1701210,4.4,85
tt0402910,4.4,42
tt0414853,3.6,41
tt0462590,5.9,57
tt0383060,6.8,85
tt0479647,6.6,129
tt0468489,5.6,814
tt0410764,7,20
tt0035703,4.2,35
tt0384793,7.1,33
tt0443543,5.1,403
tt0436697,6,946
tt0486551,5.4,13
tt0450345,6.3,571
tt0473024,5.4,33
tt0414951,5.6,151
tt0460989,7.3,21
tt0475944,7.5,44
tt0423169,7.1,1541
tt0387808,5.6,66
tt0414993,5.7,31
tt0354899,6,109
tt0439630,6.6,23
tt0387877,6.2,798
tt0421206,6.5,45
tt0063787,6.1,18
tt0472043,6.7,1026
tt0454824,5.1,17
tt0493430,5.3,25
tt0405676,5.6,186
tt0435623,6.8,1609
tt0443453,5.2,14
tt0457430,6.2,29
tt0406816,7.2,175
tt0400717,7.7,2011
tt0462519,5.8,117
tt0407887,5.5,36
tt0424993,7,36
tt0457495,6,62
tt0439289,1.8,23
tt0433386,6.2,560
tt0483726,4.9,104
tt0419946,8,69041
tt0420609,5.6,25
tt0430431,6.2,75
tt0404203,6.5,67
tt0077531,6.5,25
tt0805526,4.1,21
tt0455590,5.2,25
tt0367027,5.5,69
tt0206634,6.1,50
tt0482571,5.7,34
tt0418689,6.6,61
tt0434215,6.2,59
tt0417397,4.6,12
tt0489270,6.3,142
tt0853096,6.7,330
tt0027438,6.4,81
tt0424095,6.4,21
tt0396171,3.4,28
tt0452681,7,1956
tt0401445,6.5,25
tt0433442,5.5,20
tt0470765,5.2,13
tt0381061,4.7,25
tt0366548,1.3,28
tt0454987,6,461
tt0453467,5.2,13
tt0457939,4.6,76
tt0448124,6.6,22
tt0433387,6,161
tt0365830,6,242
tt0450259,6.7,255
tt0413895,5.4,18
tt0449010,4.7,17
tt0479143,4.4,52
tt0422295,5.8,30
tt0443431,7.2,21
tt0758794,7.1,233
tt0343737,6.2,45
tt0443489,4.6,16
tt0463998,4.7,19
tt0464049,7.1,28
tt0465551,6.3,21
tt0398913,6.3,21
tt0452624,6,16
tt0498380,5.1,122
tt0454082,6.7,17
tt0308353,6.1,235
tt0462229,5.6,17
tt0775539,6.5,79
tt0482546,5.4,160
tt0344854,7.7,21
tt0455960,6,153
tt0398808,5.2,49
tt0076263,6.9,57
tt0473308,6.7,35
tt0395495,4,69
tt0475394,7,34
tt0799949,6.3,96
tt0425430,5.1,22
tt0367959,6.4,234
tt0477051,6.8,23
tt0382932,6.4,24
tt0401711,7.4,53
tt0469263,7.2,17
tt0482527,6.5,13
tt0066115,7,16
tt0444182,5,16
tt0450340,6.6,1040
tt0425601,7.4,2333
tt0259324,4.8,43
tt0778661,5.8,24
tt0758766,6.6,99
tt0481369,6.6,17
tt0499554,4.2,64
tt0462200,3.5,53
tt0435680,5.6,26
tt0425112,5.3,261
tt0435705,5.8,657
tt0418110,3.7,55
tt0092226,6.5,36
tt0443706,4.1,43
tt0429277,6.5,16
tt0416449,4.4,21
tt0477095,5.6,325
tt0468492,5.4,477
tt0416508,4.8,22
tt0433416,6.5,37
tt0770772,6.3,297
tt0477071,6.8,21
tt0455760,7.7,12
tt0490204,3.6,15
tt0822854,6.2,30
tt0453556,6.2,44
tt0389557,5.6,33
tt0427470,5.9,21
tt0444682,6.8,16
tt0396555,6.5,1413
tt0479537,6.5,30
tt0448134,5.9,241
tt0462338,6.1,27
tt0455957,6.6,3266
tt0457433,6.3,54
tt0486822,6.8,284
tt0446013,7.1,361
tt0376196,7,22
tt0445946,7.2,22
tt0452702,7.7,37
tt0419843,6.8,65
tt0453451,2.7,23
tt0435670,5.6,9
tt0413300,6.3,97
tt0495596,6.2,26
tt0460505,6.8,44
tt0409904,4.6,17
tt0480025,6.9,11
tt0478311,6.9,1960
tt0427327,7.7,12
tt0463854,6.5,640
tt0413267,6.1,29
tt0907657,6.8,15
tt0449088,6.7,39
tt0470705,6.5,455
tt0780571,6,34
tt0441007,6.1,33
tt0411061,6.6,231
tt0496806,5.8,53
tt0466399,6.5,18
tt0472259,4.5,38
tt0498353,6.2,51
tt0423294,6.9,965
tt0486576,6.4,470
tt0457572,6.3,19
tt1028528,2.2,20
tt0046248,7.5,53
tt0462504,6.4,27
tt0473709,6,34
tt0105508,5.5,783
tt0386032,6.4,645
tt0314524,4.6,5
tt0829459,4.6,17
tt0450385,2.9,36
tt0795368,6.4,68
tt0337978,1.9,23
tt0762114,5.3,22
tt0413099,6.3,263
tt0418279,6.2,20
tt0374563,6.2,53
tt0373889,4,14
tt0762107,6.5,778
tt0486655,8,167
tt0462538,5.3,35
tt0897361,7,21
tt0481141,4.4,18
tt0440963,6.7,423
tt0796375,5.7,12
tt0829482,6.2,58
tt0293564,6.2,28
tt0462396,6.6,1342
tt0815244,6.1,19
tt0431197,6,15
tt0462244,4.7,26
tt0427392,5.4,31
tt0499556,5.9,22
tt0489237,6.5,68
tt0373883,5.2,28
tt0804461,6.1,84
tt0484111,6.4,24
tt0381849,6.8,19
tt0465602,7.3,10
tt0783233,5.6,89
tt1032846,6.2,138
tt0912593,6.4,125
tt0476964,4.8,27
tt0478134,7.1,66
tt0405508,7.1,3487
tt0466839,6.9,32
tt0465436,5.5,74
tt0765443,5.9,87
tt0283503,6.8,21
tt0473188,6,16
tt0432021,6.3,24
tt0452625,6.9,42
tt0758758,6.2,32
tt0492956,7.2,19
tt0408839,3.8,15
tt0480242,7.3,12
tt0838221,4.2,19
tt0498399,5.8,33
tt0414055,6.9,102
tt0465538,6.5,17
tt0805564,5.6,100
tt0389722,6.4,39
tt0804522,6.3,146
tt0469623,5,41
tt0452623,6.9,5969
tt0443680,5.4,186
tt0360323,6.9,18
tt0880502,4.8,70
tt0906108,4.5,28
tt0890870,6.8,1650
tt0765429,2.5,29
tt0389790,1.7,13
tt0292963,5.1,18
tt0401383,6.4,1033
tt0477348,5.8,69
tt0496328,5.6,34
tt0426931,6.8,25
tt0856052,6.2,166
tt0891527,7,31
tt0486583,8,7
tt0442933,7.3,20
tt0484740,6.4,419
tt0405336,5.2,16
tt0488478,7.2,52
tt0884328,5.9,28
tt0461770,4,15
tt0465494,7,33
tt0804516,6.2,487
tt1024943,5.9,1114
tt0211933,6.3,14
tt0385752,6.6,1038
tt0480249,6,27
tt0952640,3.3,60
tt0368794,5.1,16
tt0467406,4.9,41
tt0765120,7.2,8415
tt0937237,6.2,22
tt0462579,4.7,15
tt0433398,3.2,35
tt0825232,5.8,18
tt0419887,5.9,78
tt0408236,6.2,15
tt0465234,5.3,31
tt0469494,6,19
tt0472062,6.6,1403
tt0758730,4.8,20
tt0841046,5.1,323
tt0427309,5.9,18
tt0760329,7.2,94
tt0431308,5.1,13
tt0988595,3.4,15
tt0986264,7,44
tt0372873,5.7,17
tt1038988,6.8,1409
tt0780516,7.2,232
tt1060277,4.4,60
tt0880578,5.5,16
tt0462499,6.9,262
tt1073498,6,25
tt0406759,4,46
tt0780607,6.4,111
tt0411477,6.2,217
tt0780536,3.8,33
tt0814666,5,138
tt0099817,7.3,19
tt0494652,7,19
tt0770752,5.9,36
tt0892375,5,20
tt0489099,6.5,186
tt0443274,7.3,163
tt0416236,5.9,30
tt1023481,6.5,17
tt0449994,6.6,493
tt0425413,6.3,200
tt0854678,4.9,21
tt0443649,6,51
tt0200465,8.2,123
tt0483607,6.9,470
tt0451079,6.5,384
tt0808279,4.7,14
tt0416044,6.7,1418
tt0811138,5.2,109
tt0848557,6.6,55
tt0466816,5.6,55
tt0902272,6.1,121
tt0486674,3.6,34
tt0107953,5.8,173
tt0468569,6.1,181
tt0914382,5.2,17
tt1023111,2.3,42
tt0395119,4.2,7
tt0085764,6.1,42
tt0478087,3.2,39
tt0858479,4.7,21
tt0379865,7.1,2738
tt0881200,6.5,245
tt0091757,7.7,23
tt0489281,6.1,14
tt0903627,5.6,41
tt0410377,7.1,18
tt0800039,1,21
tt0426592,4.8,17
tt0421073,6.6,208
tt0481536,6.1,43
tt0811080,3.9,26
tt0865556,4.5,27
tt0437954,7.6,129
tt0845046,5.5,13
tt0800240,5.2,15
tt0871426,5.9,19
tt1091617,7.6,4611
tt0371746,5.7,289
tt0866439,3.2,23
tt0281680,6.9,1230
tt0936501,6.6,81
tt0942903,6.1,75
tt0790623,7.1,31
tt1033643,5.6,19
tt0499448,6,44
tt0884224,8.1,9064
tt0367882,5.7,494
tt1000774,6.2,212
tt0482606,3.9,26
tt0441773,7.4,2598
tt0960144,5.6,52
tt0846040,5.4,23
tt0116118,5.8,69
tt0949731,5.3,22
tt0800080,3.9,17
tt0889588,6.4,498
tt0910970,6.4,36
tt0493464,5,19
tt0448157,3.4,58
tt0433350,6,22
tt0425061,7.1,1486
tt0019563,6.6,8
tt0016473,5.7,41
tt1082886,6.2,46
tt0795421,7.1,71
tt1064932,5.8,191
tt0879843,5.3,66
tt0373051,5.2,49
tt0765476,6.3,229
tt0472071,6,196
tt0758742,6,86
tt0800241,6.9,70
tt0482603,6.1,1739
tt0409459,6.8,102
tt0838283,7.8,4673
tt0412536,5.9,38
tt0443701,5.9,24
tt0801526,6.9,79
tt0859163,5.8,340
tt1027862,6.8,12
tt0805570,5,16
tt0914797,5.7,22
tt0497465,5.5,34
tt0910936,6,22
tt0425637,7,19
tt1018785,5.8,27
tt0974554,7,18
tt0942385,5.8,649
tt1185834,5.5,131
tt0490181,7,151
tt1185616,5.5,297
tt1139797,6.1,1065
tt0452608,3.9,26
tt0852713,6.1,32
tt1031969,6.7,23
tt0790686,4.6,16
tt0906665,6.3,285
tt0887883,6.1,815
tt1213644,5.4,248
tt0364970,6.6,34
tt0988047,6.5,24
tt0844671,5,23
tt0430770,4.6,12
tt0804507,6.6,23
tt0831887,4.9,29
tt0814022,6.3,253
tt0492619,7,58
tt1034331,4.7,18
tt0947802,7.1,27
tt0859760,4.5,21
tt0800308,3.6,39
tt1046997,4.5,84
tt1059786,5,17
tt0455538,5.8,23
tt0981227,5.6,79
tt0307596,6.9,587
tt0758774,6,568
tt0970411,7.3,5833
tt0006333,7,16
tt0467197,6.2,121
tt1007028,7.7,21
tt1175491,5.4,14
tt1046163,6.9,31
tt0416212,5.2,19
tt1190617,5.6,19
tt1063669,6.7,1483
tt1082868,4.9,26
tt0482572,6.4,3521
tt0469903,6.7,60
tt1032755,6.2,41
tt0479952,6.9,18
tt1101026,5.6,62
tt0861689,7.4,28
tt0824747,6.4,34
tt0898367,4.8,11
tt1010048,6.8,1311
tt0830515,4.7,58
tt0430922,4.5,16
tt1130988,5.6,166
tt1132626,6.6,1344
tt1135985,6.2,15
tt0887971,7.1,17
tt1014775,5.9,103
tt0455824,6.6,824
tt0397892,6.6,14
tt1013753,5.4,38
tt1099212,6,16
tt1129442,7.1,40
tt0369436,5.4,19
tt0914798,5.8,38
tt0409345,4.5,26
tt1129423,6.8,71
tt0465502,4.5,24
tt0450314,6.8,464
tt0970416,6.1,74
tt0918927,6.8,18
tt1205489,8.3,21
tt0976051,4.9,56
tt0814314,5.1,25
tt1125849,6.6,74
tt0421715,6.9,1288
tt1068680,7,14
tt0985699,4.2,60
tt0960731,7,13
tt1024715,5.7,27
tt0959337,7.6,17
tt0976247,6.2,15
tt0483756,6.7,665
tt1024255,6.7,23
tt1034303,8,10
tt0822832,7.1,3562
tt0876563,5.3,55
tt1220719,7,42
tt0449487,7.1,49
tt0420238,6.3,99
tt0901476,6.8,48
tt1179891,7.1,12
tt0850253,6.1,196
tt0480669,6.5,59
tt0834001,7.2,36
tt0494238,6.5,1056
tt0464041,1.6,16
tt1114740,5.6,17
tt1139668,6.4,15
tt0462465,6.5,13
tt0393329,7.1,45
tt1053859,6.8,491
tt0327597,3.9,21
tt0465580,4.8,14
tt0963178,6.2,14
tt1103275,7.5,20
tt1001508,6.4,25
tt0785006,7,45
tt0489235,5.8,12
tt1201167,6.6,49
tt0891592,5.6,36
tt1176740,3.9,55
tt1023490,6.5,14
tt0869994,5.8,19
tt0758746,6.1,75
tt0102802,6.6,25
tt1227926,6.7,32
tt1155056,7.3,20
tt1135487,6.4,27
tt0448011,5.5,206
tt0785035,6.8,467
tt1132620,6.4,136
tt0862846,7.1,483
tt0892782,6.3,316
tt1073241,5.9,50
tt0027040,4.8,20
tt1091722,5.9,21
tt1093908,6.2,13
tt1013752,6.9,69
tt1131729,6.4,357
tt0974661,6,13
tt0361748,7.1,78
tt0473705,6.5,189
tt1121931,3.9,26
tt1182345,7.1,3520
tt0962736,6.2,24
tt0865554,4.8,46
tt0458525,3.8,56
tt1103982,7.7,21
tt0796366,6.2,35
tt1326972,5.4,19
tt1231277,7.7,4840
tt0393597,5.9,23
tt0924129,5.4,37
tt0808151,6.5,24
tt0438488,7.2,55
tt1078912,7,515
tt0844286,6.9,2553
tt0821642,6.9,3556
tt0844708,6.2,24
tt1127180,7.6,3486
tt1049413,6.8,303
tt1083456,6.4,32
tt1119646,5.6,20
tt0870984,6.2,53
tt1230448,9.4,27
tt0479162,6.5,26
tt1095174,6.2,825
tt1278340,7.3,4117
tt0457400,6.5,24
tt1111422,6.7,418
tt1041829,6.7,383
tt0069976,7,17
tt1045778,7,322
tt0887912,6.1,22
tt1055369,4.9,50
tt1178663,6.5,20
tt1152836,6.7,272
tt1080016,6.8,9
tt0489244,6.4,15
tt1078588,5.6,15
tt0475298,5.8,259
tt0242572,8.2,133250
tt1022603,6.9,23
tt0972558,6.3,28
tt0417741,6.3,7
tt0046969,8,13847
tt1054606,5.1,95
tt1179258,7,64
tt1148204,5.8,42
tt1142988,7,34
tt0844479,5.8,12
tt0971209,5.8,14
tt0775552,5.3,15
tt1136608,6.1,357
tt1135503,6.8,364
tt1198138,7,60
tt1075417,5.4,60
tt1114677,6.9,49
tt1046173,6.4,405
tt1160368,6.6,121
tt0093974,6.9,19
tt0452694,8.1,23
tt0976222,6.7,76
tt1032815,7.4,19
tt1331064,4.8,32
tt0436339,6.9,68
tt0103962,6.4,41
tt0964185,4.7,22
tt1172570,6.6,14
tt0396707,5,29
tt1142433,6.8,408
tt0865559,6.5,208
tt1311067,6.3,75
tt0035884,7.1,20
tt1500516,7.1,47
tt1305806,6.6,16
tt0472033,5.8,65
tt1188729,6.2,304
tt1234548,5.1,21
tt1131734,6.5,39
tt1130080,7.6,6596
tt1225822,5,13
tt1144884,7.5,2049
tt1034032,6.7,878
tt0844471,6.5,292
tt0051380,5.1,22
tt0858486,4.8,13
tt0899106,5.8,34
tt0810784,5.9,28
tt1179904,7.3,5425
tt1262981,6.5,721
tt1232207,6.8,3207
tt1084972,6.6,8
tt1019452,6.3,24
tt1174730,6.7,18
tt1172233,5.9,20
tt1058017,6.1,101
tt0986263,6.1,49
tt1156398,7.5,4510
tt1018818,4.3,20
tt1232783,6.9,10
tt0365929,6.6,39
tt1174732,7,66
tt0072761,6.3,82
tt1078940,6.1,20
tt0881891,5.7,1433
tt1093370,4.8,23
tt0386117,8.5,14
tt1100119,5.8,58
tt0808399,6.5,227
tt1197624,7,12
tt1129445,6.8,1228
tt0978762,6.6,158
tt1193138,5.9,269
tt1233227,6.4,282
tt0450405,6.1,2026
tt1300851,6,117
tt1190536,6.2,19
tt1228953,6.2,3611
tt0475783,5.1,16
tt0375568,4.3,32
tt0432283,4.3,24
tt0114697,5.6,34
tt0114108,2.5,29
tt1067106,6,166
tt1054122,6.3,78
tt1190080,6.7,9
tt0362478,6,21
tt0120244,4.4,10
tt1220198,4.8,10
tt0929632,6.8,24
tt1095217,5.8,19
tt1259571,4.2,64
tt0790712,4.9,54
tt1186367,5.4,79
tt1337051,6.7,176
tt1242422,1.6,28
tt0765010,6.7,20
tt0804529,6.9,1113
tt0878804,6.4,60
tt0976238,6.8,205
tt0762125,7.1,1929
tt1175506,5.8,203
tt1186366,5.9,46
tt0380510,1.7,17
tt1057500,5.4,42
tt0780521,7.2,20
tt0913354,6.4,16
tt0091276,5.8,73
tt1314228,5.9,573
tt1527679,5.4,27
tt0499549,6.9,43
tt0875034,7.5,17
tt1230414,4,47
tt0988045,6.2,63
tt1263670,6.2,22
tt1231580,6.2,41
tt0499375,5.4,26
tt1183251,6.1,78
tt0049875,5.9,59
tt1226681,6.5,16
tt0944114,5.2,16
tt0433362,4.1,29
tt1028532,6.2,16
tt1216492,6.9,26
tt1037705,8.2,7
tt1343097,7.1,23
tt0892767,4.7,16
tt1244668,4.8,24
tt0085694,8.2,53
tt0974613,6,9
tt0463872,6.3,31
tt1187043,5.9,21
tt1038686,6.6,14
tt1170391,4.8,17
tt0439182,5.2,23
tt1244659,3.9,30
tt0365675,6.5,77
tt1226273,6.7,8
tt1045772,6.2,24
tt1232776,7.1,44
tt0165546,6.4,909
tt0817230,4.9,20
tt1130884,6.7,17
tt1235796,6.7,2388
tt0814255,5.7,96
tt1385867,6,53
tt1139328,6.9,2969
tt1273678,5.7,18
tt1220628,6.7,68
tt1186830,6.3,1505
tt1146325,6.2,63
tt1247640,2.2,21
tt0455407,1.3,21
tt0989757,3.8,20
tt0808510,6.9,772
tt1245112,6.1,331
tt1188996,5.1,20
tt1014759,6.1,120
tt0947810,6.8,11
tt0058085,6,32
tt1179034,3.4,24
tt1210042,4.8,12
tt0815236,6.3,21
tt1289406,5.5,476
tt1403981,5.8,21
tt1305583,6.3,24
tt1038919,5.7,22
tt1151359,7.6,6848
tt1247704,7.1,448
tt0330691,1.6,25
tt0046949,5.4,15
tt1053424,3.8,32
tt0795351,6.8,2639
tt1231587,6.3,516
tt1352824,2.6,22
tt0016884,7.1,1642
tt1216496,5.8,23
tt0892769,6,24
tt1288403,6.9,27
tt1149361,6.2,393
tt0800320,7.8,9072
tt1303828,6.3,112
tt1250777,6.7,25
tt1279935,7.3,24
tt0838247,4.5,22
tt1017451,5.8,99
tt0087981,7.2,3069
tt0022879,5.1,19
tt1321509,7,16
tt0862467,4.6,22
tt1196141,5.9,13
tt1124052,6.4,71
tt0480255,6.4,11
tt0970452,6.5,275
tt1228705,7.4,8
tt1392197,6.2,142
tt1470023,4.4,12
tt1106860,6.2,231
tt1179056,6.8,23
tt1341167,6.8,41
tt0492389,5.4,21
tt1379177,7,3973
tt0955308,6,17
tt1480660,5,401
tt1120985,6.4,30
tt1103153,7.8,10
tt1462758,6.5,2499
tt0473075,6.5,546
tt1261945,5.8,31
tt1226229,6.6,43
tt1212436,6,19
tt0887745,6,97
tt1075747,5.8,82
tt0429493,7,2016
tt0435761,6.4,79
tt1399683,6.2,23
tt0892791,5,350
tt1325004,6.6,14
tt1294213,5.3,23
tt1191111,7.4,20
tt0938283,5.8,20
tt1424381,6,16
tt1323594,6,9
tt1375666,4.6,18
tt1375670,6.7,16
tt0963966,6.5,38
tt1013743,5,16
tt1155076,5.6,16
tt0954990,7.6,16367
tt0842926,7.1,61
tt0944835,6.6,19
tt0485947,4.6,20
tt0047494,6.8,63
tt0427152,6.2,98
tt1415283,3.5,16
tt1386932,5.7,20
tt1438254,6.9,127
tt1386588,6.6,19
tt0034902,6.6,43
tt1320253,5.4,36
tt0446029,5.6,28
tt1313092,4.8,12
tt1020558,6.6,73
tt0808526,3.9,28
tt0464154,8.2,39
tt1179025,5.6,17
tt1285309,6.4,12
tt0093067,6.2,182
tt0411951,3.6,52
tt0381442,8.7,27
tt1320244,5.1,524
tt1440728,6.1,12
tt0889573,6.6,323
tt0903943,6.4,40
tt0985694,6.1,24
tt1193631,6,837
tt1322312,6.7,112
tt1666186,5.3,89
tt1220634,7,12
tt1285016,6,25
tt0840361,5.5,28
tt1282140,5.3,330
tt0879870,6.2,18
tt1049402,6.4,58
tt0817177,6.4,500
tt1027718,6.3,106
tt1219342,7.3,56
tt1287468,6.2,12
tt0804497,6.5,450
tt1276105,5.8,40
tt0374271,5.4,12
tt1228987,5.3,8
tt1028576,6.8,434
tt1314655,6.4,363
tt1414382,7.2,15
tt1055292,6,15
tt1584016,5.7,414
tt1423995,6.6,2368
tt1645089,2.3,17
tt1470827,6.3,25
tt1244754,7.6,13256
tt1107319,6.9,150
tt1148165,5.4,24
tt1334260,3.8,17
tt0775489,5,14
tt1447508,6.9,30
tt1612774,7.9,104057
tt1179069,6.6,927
tt1116184,7.4,22
tt1245526,7.9,51
tt0872230,6.1,30
tt0435528,6.8,23
tt1465487,5.4,180
tt1588337,7,13
tt1536044,6.6,73
tt1212419,6.4,292
tt1477076,7.6,547
tt1231583,6.5,44
tt1542344,6.4,16
tt1001526,7.5,4780
tt0947798,6.7,124
tt0977855,6.3,17
tt0477080,4.7,18
tt1126618,6.2,109
tt1458175,6.7,1935
tt1235189,5.2,11
tt1321865,7.1,78
tt0926084,6.4,17
tt1504320,6.8,75
tt0398286,5.8,39
tt0964517,6.4,134
tt1403988,6,9
tt1361313,6.7,548
tt1194417,5.6,7
tt1213648,5.4,339
tt1564585,6.1,48
tt1152398,7,16
tt0758752,4.4,27
tt0980970,6.5,23
tt1570989,6,34
tt1243957,4.5,36
tt1270835,6.9,63
tt1456941,6.8,64
tt1403865,7.1,2437
tt1104001,5.4,13
tt1431181,5.4,13
tt1341188,6,9
tt1423894,6.6,1123
tt1172991,5.7,40
tt1433108,6.6,80
tt0935075,6.7,160
tt0970866,6.6,1107
tt1320261,6.5,141
tt1572491,6.2,485
tt1071812,2.5,34
tt1126591,5.7,717
tt1568921,6.6,19
tt1465522,3.9,41
tt1302067,6,317
tt1268204,7,105
tt1294688,2.9,20
tt0990407,5.4,24
tt1023114,5.9,240
tt1032751,5.9,48
tt1166100,6.2,44
tt0479997,6.6,2871
tt1172060,5.3,22
tt0409847,6.5,42
tt1578275,6.4,15
tt0027690,6,13
tt1219289,7.1,44
tt1242432,7,507
tt1411238,6.5,38
tt1189340,6.5,49
tt1161864,6.9,632
tt0073317,6.8,17
tt0893412,5.5,28
tt1555064,7.4,111
tt1401152,7.1,12
tt0881320,6.5,883
tt0377981,4.8,148
tt1320239,4.7,13
tt1452628,6.1,223
tt1092026,5.5,169
tt0072665,7.1,26
tt1502404,6.5,22
tt1192628,6.3,34
tt0810922,6,16
tt1385826,6.9,46
tt0472399,5.8,73
tt0480687,6.7,159
tt1034389,5.2,124
tt1464540,6.7,12
tt1587729,5.2,16
tt1217613,6.5,646
tt0016104,6.6,1127
tt1210071,5,19
tt1305591,2.2,20
tt1569364,6.1,24
tt1564367,5.1,31
tt1486185,5,22
tt1464174,6.6,16
tt1512235,7.7,126
tt1740707,6.2,418
tt0945513,6.6,73
tt0978764,6.4,289
tt1487118,6.3,126
tt1454523,6.4,807
tt1591095,6.7,32
tt1640459,5.4,21
tt1606392,5.4,15
tt1037163,7.3,14
tt1560139,7.2,260
tt1650043,5.2,12
tt1220888,6.7,114
tt1411704,5.2,20
tt0107719,6.5,63
tt1436045,6.7,16
tt0993842,6.8,468
tt1648112,6.8,147
tt1437366,7,66
tt1334512,6.3,57
tt1262416,6.6,3182
tt1436562,7.1,20
tt1599975,6.1,23
tt1527186,7,23
tt0800369,6.7,138
tt0480239,5.9,31
tt1529235,7.1,37
tt1067583,6.9,147
tt1596343,4.2,26
tt1339161,6.7,85
tt1255953,6.8,31
tt1596346,6.6,15
tt0491152,6.8,22
tt1478338,5.9,46
tt0822847,5.9,29
tt0465407,5.8,14
tt1321860,6.3,59
tt1298650,6,86
tt1605783,6.4,25
tt0478304,7.1,38
tt1411697,5,24
tt1695994,7.3,13
tt1440266,4.6,39
tt1265990,6.4,36
tt1529572,5.7,374
tt1139282,6.1,76
tt1379222,6.6,144
tt1478964,5.7,49
tt1302011,5.8,20
tt1270798,6.1,26
tt1032825,6.3,39
tt1531663,4.8,13
tt1532503,5.5,56
tt1650062,6.3,87
tt1133985,7.4,1433
tt1396218,5,32
tt1284575,6.4,79
tt1391137,5.9,14
tt1399103,6.3,43
tt1583420,6.6,757
tt1240982,6.1,16
tt1547230,4.8,37
tt1135084,6,18
tt1222817,6.6,20
tt1499658,5,12
tt1216475,6.1,170
tt0019195,6.8,35
tt1369706,5.4,16
tt1934231,6.3,38
tt1067774,6.4,120
tt1201607,5,35
tt0780504,5,19
tt1541995,5.6,889
tt0458339,6.4,341
tt1570728,5.6,15
tt1563738,6.7,105
tt1540133,5.6,12
tt1449283,6,42
tt0066773,6.7,78
tt0472181,7,149
tt1013860,4.5,45
tt1632708,6.2,86
tt1213012,5.8,32
tt0106684,8.1,16
tt1297919,6.7,1200
tt1637706,3.4,53
tt1185344,5.8,7
tt1441956,6.6,54
tt1318514,5.6,30
tt1488555,6.7,27
tt1454029,6.7,94
tt1622547,7.2,101
tt1922612,6.2,54
tt1622979,7.2,37
tt0968264,6.6,57
tt1268799,7.1,632
tt1405810,6.1,89
tt1517489,6.4,15
tt0040597,6.9,30
tt1270761,6.6,28
tt1438176,4.9,42
tt1549572,8,32
tt1403177,6.2,23
tt1464580,6,62
tt1226753,4.9,36
tt1657507,5,40
tt1152822,6.3,68
tt1189073,7.1,200
tt0816462,7,1357
tt1604171,5.2,164
tt0873886,4.6,40
tt1554091,6,14
tt1742650,6.9,29
tt1633356,3.6,27
tt1598778,6.8,87
tt0999913,5.2,37
tt1210166,8.2,15
tt1498569,7.4,23
tt0848228,7.2,6017
tt1571222,5.6,18
tt1291584,3.7,21
tt1124035,6.1,95
tt1788391,5.4,13
tt1448755,5.2,37
tt1602476,7.5,20
tt1242599,6.7,20
tt1306980,7.2,14
tt1655442,4.6,16
tt1305797,6.3,28
tt1675192,4.6,79
tt1504319,6.6,11
tt1613062,5.8,39
tt0433035,6.6,21
tt1068242,5.6,125
tt0905372,5.8,11
tt1242460,7.3,14
tt1509767,5.4,11
tt1637688,6,125
tt0466893,6.6,19
tt1692486,4.5,21
tt1615147,3.7,25
tt1778304,5.3,87
tt1634122,4.5,18
tt1600195,5,40
tt1440345,5.4,14
tt1723811,5.8,46
tt0770703,5,16
tt1462041,6.4,1072
tt1308138,6.6,88
tt1586752,7.4,22
tt1521197,4.3,17
tt0471042,6.8,2515
tt1616195,7.1,21
tt1646980,7.2,18
tt0983193,5.9,45
tt0970179,6.6,14
tt1562568,7.6,17
tt1674784,5.9,109
tt1253864,4.7,23
tt0810913,5.6,19
tt1270262,6.5,13
tt1748197,6.2,15
tt1719071,7.2,19
tt1533749,6.4,54
tt1181614,6.2,6
tt1033575,4.9,27
tt1758692,6.3,17
tt1204342,6.3,14
tt1324999,7.9,42
tt1568911,5.7,75
tt0376136,6.6,38
tt1655420,6.3,76
tt1714210,6.8,62
tt1948150,3.4,24
tt1091229,7.1,34
tt1239426,6.1,77
tt1668200,5.7,122
tt1366344,6.5,165
tt0477302,5.8,129
tt1640548,6.9,23
tt1402488,5.9,94
tt0473102,3.8,10
tt1541160,6.8,37
tt1308729,7.8,12325
tt1764651,4.4,10
tt0036628,7.1,30
tt1392170,6.9,71
tt1345836,5.3,109
tt1194173,7.2,5604
tt1515091,5.2,30
tt1687247,6.6,96
tt1372686,5.3,19
tt1625346,6.6,26
tt1598822,5.4,15
tt1229238,7.1,67
tt1389137,5,20
tt1568346,6.4,27
tt1093357,6.7,357
tt1615918,6.4,28
tt1602098,6,9
tt1714209,6.4,2171
tt1560985,5.7,453
tt1524137,6.8,20
tt1564349,2.6,30
tt1007029,5,8
tt1535616,4.8,7
tt1496025,6.4,467
tt1601913,7.5,2522
tt1568338,5.6,235
tt1506999,6.2,36
tt1772240,5.4,27
tt1214962,8.1,22513
tt0485985,5.1,53
tt1410063,7.8,61
tt1675434,7.1,697
tt1598828,6.2,22
tt1536048,6.7,335
tt1594562,6.5,78
tt1430615,6.2,21
tt1782568,5.1,83
tt1123373,5,14
tt1706593,5.9,21
tt1596365,4,20
tt1605769,5.8,29
tt1599348,1.5,19
tt1606389,6.4,536
tt2112999,5.6,78
tt1996264,5.4,47
tt1397514,6.1,85
tt1651118,5.9,102
tt1700258,2.2,15
tt1403130,6,18
tt0795441,6.7,63
tt1071875,7,1081
tt1630036,6.7,97
tt1636826,5.3,16
tt1482459,6.8,13
tt1053810,4.8,15
tt1591479,5.3,26
tt1596350,6.5,102
tt0401729,7.1,21
tt1687901,6.8,462
tt1535970,5,13
tt1232829,7.1,28
tt1588334,6.4,46
tt1592525,6.7,17
tt1422136,6.2,194
tt1477109,6.5,13
tt1441952,6.5,21
tt1646987,6.8,2603
tt1034314,7,5129
tt1605630,4.1,49
tt1899353,6,35
tt1259521,5.2,24
tt1726589,6.1,56
tt1767382,3.4,16
tt0383010,5.1,43
tt1486192,5.2,31
tt1667353,6.1,92
tt1440129,6.2,16
tt1412386,7.4,15
tt1195478,6.7,32
tt1621045,6.7,7
tt1327194,6.2,52
tt1094241,6.2,63
tt1656190,7.1,451
tt1640484,6.6,2276
tt1077368,6.1,14
tt1645170,6.9,126
tt1409024,7.1,44
tt1735898,6.2,220
tt1663321,6.9,534
tt1430626,6.1,245
tt1446714,5.8,123
tt1704573,6.1,40
tt1196340,7.3,2021
tt1655460,7.1,27
tt1748122,5.6,39
tt1821480,6.4,141
tt1486193,6.9,6057
tt1640711,9,7
tt1480656,6.6,904
tt0763831,5.3,72
tt0119579,6.4,10
tt1862079,5.8,33
tt1277953,5.1,19
tt1742336,6.4,2839
tt1217209,6.6,22
tt1440732,6.6,18
tt1586265,6.7,46
tt1859650,6.3,23
tt1611224,5.5,265
tt1514041,4.8,55
tt1566501,6,68
tt1336608,4.8,195
tt1307068,4.8,190
tt1637725,6,55
tt1915581,5.4,253
tt0337692,4.6,179
tt0948470,5.3,264
tt1667889,5.8,301
tt2125435,6.3,156
tt1716777,6.8,107
tt1615065,6.3,462
tt1298649,6.4,46
tt1602472,6.7,44
tt1726669,5.7,21
tt1386703,5.8,39
tt1436559,6.7,3243
tt1074638,6.3,63
tt1535438,6.3,41
tt1623288,6.6,529
tt2023453,6.6,18
tt2025526,5.4,27
tt2097307,6.8,39
tt1547234,7.5,14
tt1212450,5.6,34
tt1714203,5.8,237
tt1603257,7.2,7
tt0431021,8.4,28
tt1440232,5.8,53
tt1433822,2.5,29
tt1920849,6,17
tt1840417,5.9,24
tt1981677,6.4,106
tt1366365,7,32
tt1276104,4.2,22
tt1232200,6.3,78
tt1990314,7,253
tt1855325,6.6,32
tt1560747,6.8,208
tt1343727,6.9,11
tt1764183,7.4,21
tt1855199,6.6,269
tt1659337,6.5,38
tt2106476,3.4,22
tt1510907,7,8
tt1753722,7.3,12
tt1876451,5.4,52
tt1748179,6.2,26
tt1397280,6.3,73
tt1496422,6.5,53
tt1276419,6.6,18
tt1582507,5.8,28
tt2247692,5.6,196
tt1650048,5.6,16
tt0025617,4,21
tt2053425,7.8,12
tt2215719,6.1,26
tt1142977,6.9,174
tt1922777,5.6,98
tt0837562,4.6,30
tt1024648,6.5,21
tt1931533,6.9,686
tt0844993,7.3,4165
tt1954470,6.3,175
tt2109184,6.6,89
tt1712170,5.7,110
tt1371111,6.2,158
tt0938330,5.1,23
tt0981042,5.4,44
tt1764234,6,54
tt1866249,6.2,17
tt2063781,6.7,685
tt1772341,6.2,968
tt0084268,4.6,39
tt1045658,6.4,133
tt1907668,6.1,24
tt0454876,6.9,13
tt1258972,6.1,215
tt1683921,7,19
tt1656186,7.1,117
tt1602620,6,79
tt1291549,5.2,28
tt0443272,7.7,3614
tt1673434,6.3,18
tt1234719,6.2,24
tt1446192,5.5,39
tt1667310,4.4,28
tt1531901,6.2,9
tt1800741,5,15
tt1772230,6.7,126
tt0903624,7.2,36
tt1132449,1.6,23
tt1954352,3.6,20
tt1934269,7.8,4197
tt2082197,3.5,53
tt1790885,6.5,129
tt1925431,5.6,26
tt1588173,6.8,302
tt1694020,6.3,24
tt0790724,5.9,22
tt1853728,6.4,18
tt1758830,5.9,35
tt1649419,6,112
tt1707386,6.9,23
tt1230215,6.8,43
tt1441951,4,52
tt1447972,7,15
tt1047540,7.1,1537
tt2091473,7.8,27
tt0857190,6.3,16
tt2181931,6,15
tt1572315,7.2,1019
tt1321870,5.9,31
tt1867093,7.2,2409
tt1491044,6.8,402
tt2243537,5.5,718
tt2023587,5.7,42
tt2084989,6.6,185
tt1235522,1.9,18
tt1770734,6.7,49
tt1937339,6.9,1182
tt1333125,6.5,16
tt1904996,7.4,14
tt1428538,6,94
tt1584131,6.2,48
tt1869716,6.6,11
tt2035599,8,15010
tt1374992,6.3,65
tt2053463,6.7,85
tt2024432,6.6,19
tt1559547,6.8,191
tt1606378,7.1,50
tt1711425,7.1,12
tt1702439,5.6,13
tt1549589,6.4,129
tt2375605,6.6,9
tt1659343,5.3,34
tt0765446,6.2,56
tt2209418,6.7,1125
tt0882977,7,43
tt2387433,7.1,1460
tt1954701,5.4,13
tt1351685,6,55
tt2034139,1.8,26
tt1583421,7.1,2004
tt1682180,8,8
tt1922685,6,13
tt1623205,6.9,95
tt0481499,6,506
tt1781784,5.4,23
tt0790628,7.2,35
tt2101441,6.4,75
tt2243389,4.9,10
tt1911644,5.7,9
tt2302755,7.6,10893
tt1817273,5.7,79
tt1517260,6.5,1098
tt1582271,6.9,62
tt1814621,5.4,11
tt0222012,5.8,29
tt1288558,7.9,4907
tt1924429,8.1,6433
tt1684233,6.1,106
tt0204350,6.2,30
tt1483013,4.3,23
tt1507563,5.3,11
tt0453562,6.3,9
tt1854236,5.3,22
tt1433811,5.1,25
tt0795461,5.6,131
tt1980209,7,3307
tt2051894,5.5,19
tt1462900,6.2,19
tt1245492,5,16
tt1300854,6.6,190
tt1542482,7.1,1953
tt1701210,6.3,51
tt1935179,6.1,111
tt1566637,6.5,9
tt1945062,7.1,1235
tt1343092,6.1,168
tt1408101,5.9,29
tt2234155,5.5,18
tt1602613,6.9,45
tt1951261,5.8,10
tt1905041,5.9,33
tt0848537,6.2,9
tt2404461,4.8,13
tt1489167,4.8,11
tt1731697,5.7,78
tt1291580,4.6,14
tt1780762,5.9,102
tt1815862,7.7,15
tt1670345,6.2,31
tt1426329,6.1,63
tt1656192,7.2,497
tt1857842,6.5,33
tt1727388,5.2,15
tt0770828,6.7,14
tt1931435,6.4,98
tt2184339,6,22
tt2132285,5.7,15
tt1453405,6.1,246
tt2103217,7.1,21
tt1663662,7.9,33
tt1924396,7.1,628
tt0816711,4.3,17
tt1535108,6.4,258
tt1932767,6,45
tt1690953,6.5,13
tt2334879,5.3,29
tt1213663,8.2,55595
tt1893256,5.2,218
tt2404463,6.5,116
tt1210819,5,18
tt1714206,5.7,112
tt2356180,5.7,107
tt0790736,5.8,242
tt1457767,6.6,25
tt1860353,7.6,75
tt1430132,7.2,10
tt1171701,5.3,20
tt1272878,6,14
tt2459022,5,29
tt2334873,3.9,21
tt2358891,7.6,8507
tt2292959,6.3,18
tt1854564,4.9,19
tt2017020,7.1,27
tt0469021,5.4,78
tt0099277,6.6,128
tt2016940,6,1465
tt1723121,1.8,26
tt2191701,5.7,111
tt1650554,2.6,22
tt1411250,7.8,12
tt1691917,4.8,22
tt0097008,5.9,18
tt1413495,7.7,6855
tt2013293,5.5,12
tt2357129,6.1,15
tt1538403,6.5,229
tt1327773,6,15
tt2294677,3.1,27
tt2194499,6,22
tt2112124,5.2,16
tt2005374,6.3,8
tt2171867,5.6,20
tt0113394,7.3,21
tt1153040,2.3,23
tt2103267,6.7,193
tt2378281,6.6,25
tt2167202,7,15
tt1454468,6.1,27
tt1486834,6.2,22
tt1392214,2.8,13
tt1206543,6.9,20
tt1985019,7.1,69
tt1979320,4.7,26
tt2404311,5.3,32
tt1758795,7,54
tt2476154,5.5,66
tt1532958,4.4,26
tt0105078,6.9,20
tt1821549,5.6,22
tt2172935,7.6,20
tt2377938,5.6,296
tt2364841,6.7,43
tt2278871,6.7,40
tt2345112,6.1,258
tt2717558,7.2,28
tt1985966,6.9,15
tt1535109,6.7,557
tt2002718,6.6,18
tt1450321,6.4,404
tt1060249,4.8,19
tt1171222,5.3,33
tt2126362,2.6,24
tt1211956,7,85
tt1939659,8.5,155
tt1837703,1,15
tt2193215,5.8,99
tt2024544,5.9,71
tt2017038,6.7,51
tt1731141,7.8,6750
tt3063516,6.3,27
tt1981115,5.4,25
tt0790636,5.6,22
tt2299842,1.4,18
tt1621039,4.8,43
tt1204975,6.1,32
tt2431286,6.3,38
tt2083355,4.4,152
tt2718492,4.6,166
tt1951264,4.9,203
tt1170358,4.4,125
tt1335975,4.7,147
tt2387559,4.5,126
tt1396226,5.8,34
tt2294629,5.2,212
tt2042568,5.1,104
tt0993846,5,246
tt2312718,4.8,140
tt2304771,5.2,199
tt1322269,5.7,328
tt2786278,4.8,241
tt2224004,4.9,63
tt1800241,6,40
tt0359950,7.1,21
tt1798709,6.6,81
tt1091191,3.3,23
tt2140373,5.2,23
tt1041804,6.6,148
tt2275471,5.8,14
tt1321511,5.7,18
tt1695765,5,11
tt1229340,5.9,95
tt1706620,4.8,9
tt2062575,6.3,26
tt1663143,6.7,25
tt2101473,5.6,19
tt0093543,6.4,46